$ cmd /c Z:\FPGA\2026.1\Vitis\bin\vitis-run.bat --mode hls --impl --config Z:\Code\Dev\Ouroboros\build\pipeline\kv260_som\calibration-rv32i\hls_config.cfg --work_dir Z:\Code\Dev\Ouroboros\build\pipeline\kv260_som\calibration-rv32i\work

****** vitis-run v2026.1 (64-bit)
  **** SW Build 6511674 on 2026-06-16-13:14:00
  **** Start of session at: Thu Oct  1 17:23:42 2026
    ** Copyright 1986-2022 Xilinx, Inc. All Rights Reserved.
    ** Copyright 2022-2026 Advanced Micro Devices, Inc. All Rights Reserved.

  **** HLS Build v2026.1 6493734

INFO: [HLS 200-2005] Using work_dir Z:/Code/Dev/Ouroboros/build/pipeline/kv260_som/calibration-rv32i/work 

INFO: [HLS 200-2176] Writing Vitis IDE component file Z:/Code/Dev/Ouroboros/build/pipeline/kv260_som/calibration-rv32i/work/vitis-comp.json

INFO: [HLS 200-10] Creating and opening component 'Z:/Code/Dev/Ouroboros/build/pipeline/kv260_som/calibration-rv32i/work'.

INFO: [HLS 200-1611] Setting target device to 'xck26-sfvc784-2LV-c'

INFO: [HLS 200-2174] Applying component config ini file hls_config.cfg

INFO: [HLS 200-1465] Applying config ini 'syn.file=Z:\Code\Dev\Ouroboros\Tools\Verification\calibration\rv32i\core.cpp' from hls_config.cfg(8)

INFO: [HLS 200-10] Adding design file 'Z:/Code/Dev/Ouroboros/Tools/Verification/calibration/rv32i/core.cpp' to the project

INFO: [HLS 200-1465] Applying config ini 'tb.file=Z:\Code\Dev\Ouroboros\Tools\Verification\calibration\rv32i\core_tb.cpp' from hls_config.cfg(10)

INFO: [HLS 200-10] Adding test bench file 'Z:/Code/Dev/Ouroboros/Tools/Verification/calibration/rv32i/core_tb.cpp' to the project

INFO: [HLS 200-1465] Applying config ini 'syn.top=core_top' from hls_config.cfg(9)

INFO: [HLS 200-1465] Applying config ini 'part=xck26-sfvc784-2LV-c' from hls_config.cfg(1)

INFO: [HLS 200-1465] Applying config ini 'clock=10.000ns' from hls_config.cfg(11)

INFO: [SYN 201-201] Setting up clock 'default' with a period of 10ns.

INFO: [HLS 200-1465] Applying config ini 'package.output.format=ip_catalog' from hls_config.cfg(7)

INFO: [HLS 200-2176] Writing Vitis IDE component file Z:/Code/Dev/Ouroboros/build/pipeline/kv260_som/calibration-rv32i/work/vitis-comp.json

INFO: [IMPL 213-8] Exporting RTL as a Vivado IP.

INFO: [Common 17-3922] A valid Vivado Design Suite BASIC license has been detected. Your current license is active and will expire on 30-sep-2027.





****** Vivado v2026.1 (64-bit)


  **** SW Build 6511674 on Tue Jun 16 11:02:23 MDT 2026


  **** IP Build 6504888 on Tue Jun 09 09:05:25 MDT 2026


  **** SharedData Build 6501428 on Mon Jun 08 17:34:18 MDT 2026


  **** Start of session at: Thu Oct  1 17:23:48 2026


    ** Copyright 1986-2022 Xilinx, Inc. All Rights Reserved.


    ** Copyright 2022-2026 Advanced Micro Devices, Inc. All Rights Reserved.





source run_ippack.tcl -notrace


INFO: calling package_hls_ip ip_types=vitis sysgen json_file=Z:/Code/Dev/Ouroboros/build/pipeline/kv260_som/calibration-rv32i/work/hls/hls_data.json outdir=Z:/Code/Dev/Ouroboros/build/pipeline/kv260_som/calibration-rv32i/work/hls/impl/ip srcdir=Z:/Code/Dev/Ouroboros/build/pipeline/kv260_som/calibration-rv32i/work/hls ippack_options_dict= ippack_options_dict=


INFO: Copied 1 ipmisc file(s) to Z:/Code/Dev/Ouroboros/build/pipeline/kv260_som/calibration-rv32i/work/hls/impl/ip/misc


INFO: Copied 6 verilog file(s) to Z:/Code/Dev/Ouroboros/build/pipeline/kv260_som/calibration-rv32i/work/hls/impl/ip/hdl/verilog


INFO: Copied 6 vhdl file(s) to Z:/Code/Dev/Ouroboros/build/pipeline/kv260_som/calibration-rv32i/work/hls/impl/ip/hdl/vhdl


INFO: Import ports from HDL: Z:/Code/Dev/Ouroboros/build/pipeline/kv260_som/calibration-rv32i/work/hls/impl/ip/hdl/vhdl/core_top.vhd (core_top)


INFO: Add clock interface ap_clk


INFO: Add reset interface ap_rst


INFO: Add ap_ctrl interface ap_ctrl


INFO: Add data interface imem_address0


INFO: [IP_Flow 19-234] Refreshing IP repositories


INFO: [IP_Flow 19-1704] No user IP repositories specified


INFO: [IP_Flow 19-2313] Loaded Vivado IP repository 'Z:/FPGA/2026.1/Vivado/data/ip'.


INFO: Add data interface imem_q0


INFO: Add data interface dmem0_address0


INFO: Add data interface dmem0_d0


INFO: Add data interface dmem0_address1


INFO: Add data interface dmem0_q1


INFO: Add data interface dmem1_address0


INFO: Add data interface dmem1_d0


INFO: Add data interface dmem1_address1


INFO: Add data interface dmem1_q1


INFO: Add data interface dmem2_address0


INFO: Add data interface dmem2_d0


INFO: Add data interface dmem2_address1


INFO: Add data interface dmem2_q1


INFO: Add data interface dmem3_address0


INFO: Add data interface dmem3_d0


INFO: Add data interface dmem3_address1


INFO: Add data interface dmem3_q1


INFO: Add data interface max_cycles


INFO: Add data interface cycles


INFO: Add data interface instret


INFO: Add data interface halted


INFO: Calling post_process_vitis to specialize IP


INFO: Calling post_process_sysgen to specialize IP


Generating sysgen info xml from json file


INFO: Created IP Z:/Code/Dev/Ouroboros/build/pipeline/kv260_som/calibration-rv32i/work/hls/impl/ip/component.xml


INFO: Created IP archive Z:/Code/Dev/Ouroboros/build/pipeline/kv260_som/calibration-rv32i/work/hls/impl/ip/xilinx_com_hls_core_top_1_0.zip


INFO: [Common 17-206] Exiting Vivado at Thu Oct  1 17:23:54 2026...


INFO: [IMPL 213-8] Starting RTL evaluation using Vivado ...




Z:\Code\Dev\Ouroboros\build\pipeline\kv260_som\calibration-rv32i\work\hls\impl\verilog>Z:/FPGA/2026.1/Vivado/bin/vivado  -mode batch -source run_vivado.tcl   || exit $? 


INFO: [Common 17-3922] A valid Vivado Design Suite BASIC license has been detected. Your current license is active and will expire on 30-sep-2027.





****** Vivado v2026.1 (64-bit)


  **** SW Build 6511674 on Tue Jun 16 11:02:23 MDT 2026


  **** IP Build 6504888 on Tue Jun 09 09:05:25 MDT 2026


  **** SharedData Build 6501428 on Mon Jun 08 17:34:18 MDT 2026


  **** Start of session at: Thu Oct  1 17:23:55 2026


    ** Copyright 1986-2022 Xilinx, Inc. All Rights Reserved.


    ** Copyright 2022-2026 Advanced Micro Devices, Inc. All Rights Reserved.





source run_vivado.tcl


# source ./settings.tcl


## set top_module core_top


## set language verilog


## set family zynquplus


## set device xck26


## set package -sfvc784


## set speed -2LV-c


## set clock ap_clk


## set fsm_ext "off"


## set add_io_buffers false 


# source -notrace ./extraction.tcl


# set vivado_proj_name project


# set vivado_proj_dir .


# set target_device "${device}${package}${speed}"


# set target_clk_period_ns "10.000"


# set target_clk_freq_hz [expr {floor(1000 / $target_clk_period_ns) * 1000000}]


# set other_clks_freq_hz {}


# set ip_vlnv xilinx.com:hls:core_top:1.0


# set ip_repo_path ../ip


# set bd_design_name bd_0


# set bd_inst_name hls_inst


# set bd_props {}


# set has_synth true


# set synth_design_args {-directive sdx_optimization_effort_high}


# set synth_dcp ""


# set synth_props {}


# set has_impl 1


# set impl_props {}


# set has_subcore 0


# set report_options [dict create]


# dict set report_options report_level 2


# dict set report_options report_max_paths 10


# dict set report_options stdout_hls_reports 1


# dict set report_options stdout_vivado_reports 0


# dict set report_options hls_project work


# dict set report_options hls_solution hls


# dict set report_options has_synth $has_synth


# dict set report_options has_impl $has_impl


# dict set report_options vivado_reportbasename $top_module


# dict set report_options vivado_reportdir ./report


# dict set report_options hls_impl_dir ..


# dict set report_options hls_reportdir ../report/$language


# dict set report_options target_clk_period $target_clk_period_ns


# dict set report_options target_device $target_device


# dict set report_options language $language


# dict set report_options clock_name $clock


# dict set report_options error_if_impl_timing_fails false


# dict set report_options topmodule "core_top"


# dict set report_options funcmodules {}


# dict set report_options bindmodules {core_top_sparsemux_65_5_32_1_1 core_top_sparsemux_7_2_32_1_1 core_top_sparsemux_13_5_32_1_1 core_top_sparsemux_7_2_4_1_1 core_top_flow_control_loop_delay_pipe}


# dict set report_options max_module_depth 5


# create_project $vivado_proj_name $vivado_proj_dir -part $target_device -force


INFO: [ProjectBase 1-489] The host OS only allows 260 characters in a normal path. The project is stored in a path with more than 80 characters. If you experience issues with IP, Block Designs, or files not being found, please consider moving the project to a location with a shorter path. Alternately consider using the OS subst command to map part of the path to a drive letter.


Current project path is 'Z:/Code/Dev/Ouroboros/build/pipeline/kv260_som/calibration-rv32i/work/hls/impl/verilog'


# set_property target_language $language [current_project]


# if { ![file exists $ip_repo_path] } {


#   error "Cannot find packaged HLS IP"


# }


# set_property ip_repo_paths [file normalize $ip_repo_path] [current_project]


# update_ip_catalog


INFO: [IP_Flow 19-234] Refreshing IP repositories


INFO: [IP_Flow 19-1700] Loaded user IP repository 'z:/Code/Dev/Ouroboros/build/pipeline/kv260_som/calibration-rv32i/work/hls/impl/ip'.


INFO: [IP_Flow 19-2313] Loaded Vivado IP repository 'Z:/FPGA/2026.1/Vivado/data/ip'.


# create_bd_design bd_0


Wrote  : <Z:\Code\Dev\Ouroboros\build\pipeline\kv260_som\calibration-rv32i\work\hls\impl\verilog\project.srcs\sources_1\bd\bd_0\bd_0.bd> 


# set cell_inst [create_bd_cell -type ip -vlnv $ip_vlnv $bd_inst_name]


# if { [llength $bd_props] } { 


#   set_property -dict $bd_props $cell_inst 


# }


# make_bd_pins_external $cell_inst


# make_bd_intf_pins_external $cell_inst


# set bd_clk_ports [get_bd_ports -filter {TYPE==clk}]


# if { $target_clk_freq_hz ne "" } { 


#   foreach bd_clk_port $bd_clk_ports {


#     # Remove "_0" suffix from BD ports & interfaces so they match IP ports 


#     set clk_name [regsub {_0$} [get_property name $bd_clk_port] {}]


#     set port_freq_hz $target_clk_freq_hz


#     if { [dict exists $other_clks_freq_hz $clk_name] } {


#         set port_freq_hz [dict get $other_clks_freq_hz $clk_name]


#     }


#     set_property CONFIG.FREQ_HZ $port_freq_hz $bd_clk_port


#   }


# }


# foreach bd_port [get_bd_intf_ports] {


#   set_property name [regsub {_0$} [get_property name $bd_port] {}] $bd_port


# }


# foreach bd_port [get_bd_ports -filter {INTF!=TRUE}] {


#   set_property name [regsub {_0$} [get_property name $bd_port] {}] $bd_port


# }


# set s_axi_addr_width_min 32


WARNING: [BD 5-233] No interface ports matched 'get_bd_intf_ports -filter {MODE == "Slave" && VLNV =~ "xilinx.com:interface:aximm_rtl:*"}'


# foreach bd_port [get_bd_intf_ports -filter {MODE == "Slave" && VLNV =~ "xilinx.com:interface:aximm_rtl:*"}] {


#   set bd_port_addr_width [get_property CONFIG.ADDR_WIDTH $bd_port]


#   if { $bd_port_addr_width < $s_axi_addr_width_min } {


#     puts "INFO: Updating $bd_port CONFIG.ADDR_WIDTH to $s_axi_addr_width_min"


#     set_property CONFIG.ADDR_WIDTH $s_axi_addr_width_min $bd_port


#   }


# }


# set_msg_config -id {[BD 41-1265]} -severity {CRITICAL WARNING} -new_severity {INFO}


# assign_bd_address


INFO: [BD 41-3093] Triggering Legacy Auto Assign Algorithm


Wrote  : <Z:\Code\Dev\Ouroboros\build\pipeline\kv260_som\calibration-rv32i\work\hls\impl\verilog\project.srcs\sources_1\bd\bd_0\bd_0.bd> 


Verilog Output written to : Z:/Code/Dev/Ouroboros/build/pipeline/kv260_som/calibration-rv32i/work/hls/impl/verilog/project.gen/sources_1/bd/bd_0/synth/bd_0.v


Verilog Output written to : Z:/Code/Dev/Ouroboros/build/pipeline/kv260_som/calibration-rv32i/work/hls/impl/verilog/project.gen/sources_1/bd/bd_0/sim/bd_0.v


Verilog Output written to : Z:/Code/Dev/Ouroboros/build/pipeline/kv260_som/calibration-rv32i/work/hls/impl/verilog/project.gen/sources_1/bd/bd_0/hdl/bd_0_wrapper.v


# set toprtl [make_wrapper -files [get_files ${bd_design_name}.bd] -top]


# add_files -norecurse $toprtl


# set top_inst_name [file root [file tail $toprtl]]


# puts "Using BD top: $top_inst_name"


Using BD top: bd_0_wrapper


# set xdc_files [glob -nocomplain ./*.xdc]


# if { [llength $xdc_files] } {


#     add_files -fileset constrs_1 -norecurse $xdc_files


# }


# launch_runs synth_1 -scripts_only


INFO: [BD 41-1662] The design 'bd_0.bd' is already validated. Therefore parameter propagation will not be re-run.


Verilog Output written to : Z:/Code/Dev/Ouroboros/build/pipeline/kv260_som/calibration-rv32i/work/hls/impl/verilog/project.gen/sources_1/bd/bd_0/synth/bd_0.v


Verilog Output written to : Z:/Code/Dev/Ouroboros/build/pipeline/kv260_som/calibration-rv32i/work/hls/impl/verilog/project.gen/sources_1/bd/bd_0/sim/bd_0.v


Verilog Output written to : Z:/Code/Dev/Ouroboros/build/pipeline/kv260_som/calibration-rv32i/work/hls/impl/verilog/project.gen/sources_1/bd/bd_0/hdl/bd_0_wrapper.v


INFO: [BD 41-1029] Generation completed for the IP Integrator block hls_inst .


Exporting to file Z:/Code/Dev/Ouroboros/build/pipeline/kv260_som/calibration-rv32i/work/hls/impl/verilog/project.gen/sources_1/bd/bd_0/hw_handoff/bd_0.hwh


Generated Hardware Definition File Z:/Code/Dev/Ouroboros/build/pipeline/kv260_som/calibration-rv32i/work/hls/impl/verilog/project.gen/sources_1/bd/bd_0/synth/bd_0.hwdef


INFO: [BD 41-3262] Generated VHDL Instantiation Template file z:/Code/Dev/Ouroboros/build/pipeline/kv260_som/calibration-rv32i/work/hls/impl/verilog/project.gen/sources_1/bd/bd_0/bd_0.vho


INFO: [BD 41-3262] Generated Verilog Instantiation Template file z:/Code/Dev/Ouroboros/build/pipeline/kv260_som/calibration-rv32i/work/hls/impl/verilog/project.gen/sources_1/bd/bd_0/bd_0.veo


INFO: [BD 41-3262] Generated System Verilog Instantiation Template file z:/Code/Dev/Ouroboros/build/pipeline/kv260_som/calibration-rv32i/work/hls/impl/verilog/project.gen/sources_1/bd/bd_0/bd_0_sv.sveo


# foreach run [get_runs -filter {IS_SYNTHESIS == 1}] {


#   reset_run [get_runs $run]


# }


# set_property XPM_LIBRARIES {XPM_MEMORY XPM_FIFO} [current_project]


# hls_vivado_reports_setup $report_options


TIMESTAMP: HLS-REPORT: initialize report directories: 2026-10-01 17:24:05 -0500


# if { $has_subcore } { report_ip_status }


# if { $has_synth || $has_impl } {


#   # synth properties setting


#   set_property -name {STEPS.SYNTH_DESIGN.ARGS.MORE OPTIONS} -value {-mode out_of_context} -objects [get_runs synth_1]


#   set ip_inst [get_ips -quiet ${bd_design_name}*${bd_inst_name}*]


#   if { ![llength $ip_inst] } {


#       error "Cannot find HLS IP instance: ${bd_design_name}*${bd_inst_name}*"


#   }


#   set synth_run [get_runs -filter {IS_SYNTHESIS == 1} ${ip_inst}*]


#   if { ![llength $synth_run] } {


#       error "Cannot find synth run for HLS IP: ${ip_inst}*"


#   }


# 


#   if { [llength $synth_design_args] } {


#       set_property -name {STEPS.SYNTH_DESIGN.ARGS.MORE OPTIONS} -value $synth_design_args -objects $synth_run


#   }


# 


#   if { [llength $synth_props] } {


#     set_property -dict $synth_props $synth_run


#   }


# 


#   # launch run synth


#   launch_runs synth_1


#   wait_on_run synth_1


#   # synth reports


#   hls_vivado_reports_synth synth_1 $report_options


#   if { $synth_dcp ne "" } {


#     file mkdir [file dirname $synth_dcp]


#     set run_dcp [glob -nocomplain [get_property DIRECTORY $synth_run]/*.dcp]


#     if { [llength $run_dcp] != 1 } { error "Cannot find single dcp file for run $synth_run" }


#     file copy -force $run_dcp $synth_dcp


#   }


# }





[Thu Oct  1 17:24:06 2026] Launched bd_0_hls_inst_0_synth_1...


Run output will be captured here: Z:/Code/Dev/Ouroboros/build/pipeline/kv260_som/calibration-rv32i/work/hls/impl/verilog/project.runs/bd_0_hls_inst_0_synth_1/runme.log


[Thu Oct  1 17:24:06 2026] Launched synth_1...


Run output will be captured here: Z:/Code/Dev/Ouroboros/build/pipeline/kv260_som/calibration-rv32i/work/hls/impl/verilog/project.runs/synth_1/runme.log


[Thu Oct  1 17:24:06 2026] Waiting for synth_1 to finish...





*** Running vivado


    with args -log bd_0_wrapper.vds -m64 -product Vivado -mode batch -messageDb vivado.pb -notrace -source bd_0_wrapper.tcl








INFO: [Common 17-3922] A valid Vivado Design Suite BASIC license has been detected. Your current license is active and will expire on 30-sep-2027.


#-----------------------------------------------------------


# Vivado v2026.1 (64-bit)


# SW Build 6511674 on Tue Jun 16 11:02:23 MDT 2026


# IP Build 6504888 on Tue Jun 09 09:05:25 MDT 2026


# SharedData Build 6501428 on Mon Jun 08 17:34:18 MDT 2026


# Start of session at: Thu Oct  1 17:25:09 2026


# Process ID         : 23548


# Current directory  : Z:/Code/Dev/Ouroboros/build/pipeline/kv260_som/calibration-rv32i/work/hls/impl/verilog/project.runs/synth_1


# Command line       : vivado.exe -log bd_0_wrapper.vds -product Vivado -mode batch -messageDb vivado.pb -notrace -source bd_0_wrapper.tcl


# Log file           : Z:/Code/Dev/Ouroboros/build/pipeline/kv260_som/calibration-rv32i/work/hls/impl/verilog/project.runs/synth_1/bd_0_wrapper.vds


# Journal file       : Z:/Code/Dev/Ouroboros/build/pipeline/kv260_som/calibration-rv32i/work/hls/impl/verilog/project.runs/synth_1\vivado.jou


# Running On         : WaddleDeeTheOG


# Platform           : Windows 11


# Operating System   : 22621


# Processor Detail   : AMD Ryzen 7 7700X 8-Core Processor             


# CPU Frequency      : 4500 MHz


# CPU Physical cores : 8


# CPU Logical cores  : 16


# Host memory        : 33457 MB


# Swap memory        : 33457 MB


# Total Virtual      : 66914 MB


# Available Virtual  : 34191 MB


#-----------------------------------------------------------





****** Vivado v2026.1 (64-bit)


  **** SW Build 6511674 on Tue Jun 16 11:02:23 MDT 2026


  **** IP Build 6504888 on Tue Jun 09 09:05:25 MDT 2026


  **** SharedData Build 6501428 on Mon Jun 08 17:34:18 MDT 2026


  **** Start of session at: Thu Oct  1 17:25:09 2026


    ** Copyright 1986-2022 Xilinx, Inc. All Rights Reserved.


    ** Copyright 2022-2026 Advanced Micro Devices, Inc. All Rights Reserved.





source bd_0_wrapper.tcl -notrace


INFO: Dispatch client connection id - 52025


INFO: [IP_Flow 19-234] Refreshing IP repositories


INFO: [IP_Flow 19-1700] Loaded user IP repository 'z:/Code/Dev/Ouroboros/build/pipeline/kv260_som/calibration-rv32i/work/hls/impl/ip'.


INFO: [IP_Flow 19-2313] Loaded Vivado IP repository 'Z:/FPGA/2026.1/Vivado/data/ip'.


WARNING: [IP_Flow 19-4995] The host OS only allows 260 characters in a normal path. The IP cache path is more than 80 characters. If you experience issues with IP caching, please consider changing the IP cache to a location with a shorter path. Alternately consider using the OS subst command to map part of the path to a drive letter. 


Current IP cache path is z:/Code/Dev/Ouroboros/build/pipeline/kv260_som/calibration-rv32i/work/hls/impl/verilog/project.cache/ip 


Command: synth_design -top bd_0_wrapper -part xck26-sfvc784-2LV-c -mode out_of_context


Starting synth_design


Attempting to get a license for feature 'Vivado_Synthesis' and/or device 'xck26'


INFO: [Common 17-349] Got license for feature 'Vivado_Synthesis' and/or device 'xck26'


INFO: [Device 21-403] Loading part xck26-sfvc784-2LV-c


INFO: [Designutils 20-5008] Incremental synthesis strategy default


INFO: [Synth 8-7079] Multithreading enabled for synth_design using a maximum of 2 processes.


INFO: [Synth 8-7078] Launching helper process for spawning children vivado processes


INFO: [Synth 8-7075] Helper process launched with PID 12768


---------------------------------------------------------------------------------


Starting RTL Elaboration : Time (s): cpu = 00:00:03 ; elapsed = 00:00:04 . Memory (MB): peak = 1971.320 ; gain = 233.996


---------------------------------------------------------------------------------


INFO: [Synth 8-6157] synthesizing module 'bd_0_wrapper' [z:/Code/Dev/Ouroboros/build/pipeline/kv260_som/calibration-rv32i/work/hls/impl/verilog/project.gen/sources_1/bd/bd_0/hdl/bd_0_wrapper.v:13]


INFO: [Synth 8-6157] synthesizing module 'bd_0' [z:/Code/Dev/Ouroboros/build/pipeline/kv260_som/calibration-rv32i/work/hls/impl/verilog/project.gen/sources_1/bd/bd_0/synth/bd_0.v:13]


INFO: [Synth 8-6157] synthesizing module 'bd_0_hls_inst_0' [Z:/Code/Dev/Ouroboros/build/pipeline/kv260_som/calibration-rv32i/work/hls/impl/verilog/project.runs/synth_1/.Xil/Vivado-23548-WaddleDeeTheOG/realtime/bd_0_hls_inst_0_stub.v:6]


INFO: [Synth 8-6155] done synthesizing module 'bd_0_hls_inst_0' (0#1) [Z:/Code/Dev/Ouroboros/build/pipeline/kv260_som/calibration-rv32i/work/hls/impl/verilog/project.runs/synth_1/.Xil/Vivado-23548-WaddleDeeTheOG/realtime/bd_0_hls_inst_0_stub.v:6]


INFO: [Synth 8-6155] done synthesizing module 'bd_0' (0#1) [z:/Code/Dev/Ouroboros/build/pipeline/kv260_som/calibration-rv32i/work/hls/impl/verilog/project.gen/sources_1/bd/bd_0/synth/bd_0.v:13]


INFO: [Synth 8-6155] done synthesizing module 'bd_0_wrapper' (0#1) [z:/Code/Dev/Ouroboros/build/pipeline/kv260_som/calibration-rv32i/work/hls/impl/verilog/project.gen/sources_1/bd/bd_0/hdl/bd_0_wrapper.v:13]


---------------------------------------------------------------------------------


Finished RTL Elaboration : Time (s): cpu = 00:00:04 ; elapsed = 00:00:05 . Memory (MB): peak = 2098.152 ; gain = 360.828


---------------------------------------------------------------------------------


---------------------------------------------------------------------------------


Start Handling Custom Attributes


---------------------------------------------------------------------------------


---------------------------------------------------------------------------------


Finished Handling Custom Attributes : Time (s): cpu = 00:00:04 ; elapsed = 00:00:05 . Memory (MB): peak = 2098.152 ; gain = 360.828


---------------------------------------------------------------------------------


---------------------------------------------------------------------------------


Finished RTL Optimization Phase 1 : Time (s): cpu = 00:00:04 ; elapsed = 00:00:05 . Memory (MB): peak = 2098.152 ; gain = 360.828


---------------------------------------------------------------------------------


Netlist sorting complete. Time (s): cpu = 00:00:00 ; elapsed = 00:00:00.001 . Memory (MB): peak = 2098.152 ; gain = 0.000


INFO: [Project 1-570] Preparing netlist for logic optimization





Processing XDC Constraints


Initializing timing engine


Parsing XDC File [z:/Code/Dev/Ouroboros/build/pipeline/kv260_som/calibration-rv32i/work/hls/impl/verilog/project.gen/sources_1/bd/bd_0/ip/bd_0_hls_inst_0/bd_0_hls_inst_0/bd_0_hls_inst_0_in_context.xdc] for cell 'bd_0_i/hls_inst'


Finished Parsing XDC File [z:/Code/Dev/Ouroboros/build/pipeline/kv260_som/calibration-rv32i/work/hls/impl/verilog/project.gen/sources_1/bd/bd_0/ip/bd_0_hls_inst_0/bd_0_hls_inst_0/bd_0_hls_inst_0_in_context.xdc] for cell 'bd_0_i/hls_inst'


Parsing XDC File [Z:/Code/Dev/Ouroboros/build/pipeline/kv260_som/calibration-rv32i/work/hls/impl/verilog/core_top.xdc]


Finished Parsing XDC File [Z:/Code/Dev/Ouroboros/build/pipeline/kv260_som/calibration-rv32i/work/hls/impl/verilog/core_top.xdc]


Parsing XDC File [Z:/Code/Dev/Ouroboros/build/pipeline/kv260_som/calibration-rv32i/work/hls/impl/verilog/project.runs/synth_1/dont_touch.xdc]


Finished Parsing XDC File [Z:/Code/Dev/Ouroboros/build/pipeline/kv260_som/calibration-rv32i/work/hls/impl/verilog/project.runs/synth_1/dont_touch.xdc]


Completed Processing XDC Constraints





Netlist sorting complete. Time (s): cpu = 00:00:00 ; elapsed = 00:00:00 . Memory (MB): peak = 2098.152 ; gain = 0.000


INFO: [Project 1-111] Unisim Transformation Summary:


No Unisim elements were transformed.





Constraint Validation Runtime : Time (s): cpu = 00:00:00 ; elapsed = 00:00:00.014 . Memory (MB): peak = 2098.152 ; gain = 0.000


---------------------------------------------------------------------------------


Finished Constraint Validation : Time (s): cpu = 00:00:12 ; elapsed = 00:00:14 . Memory (MB): peak = 2098.152 ; gain = 360.828


---------------------------------------------------------------------------------


---------------------------------------------------------------------------------


Start Loading Part and Timing Information


---------------------------------------------------------------------------------


Loading part: xck26-sfvc784-2LV-c


INFO: [Synth 8-6742] Reading net delay rules and data


---------------------------------------------------------------------------------


Finished Loading Part and Timing Information : Time (s): cpu = 00:00:12 ; elapsed = 00:00:14 . Memory (MB): peak = 2098.152 ; gain = 360.828


---------------------------------------------------------------------------------


---------------------------------------------------------------------------------


Start Applying 'set_property' XDC Constraints


---------------------------------------------------------------------------------


---------------------------------------------------------------------------------


Finished applying 'set_property' XDC Constraints : Time (s): cpu = 00:00:12 ; elapsed = 00:00:14 . Memory (MB): peak = 2098.152 ; gain = 360.828


---------------------------------------------------------------------------------


---------------------------------------------------------------------------------


Finished RTL Optimization Phase 2 : Time (s): cpu = 00:00:12 ; elapsed = 00:00:14 . Memory (MB): peak = 2098.152 ; gain = 360.828


---------------------------------------------------------------------------------


---------------------------------------------------------------------------------


Start RTL Component Statistics 


---------------------------------------------------------------------------------


Detailed RTL Component Info : 


---------------------------------------------------------------------------------


Finished RTL Component Statistics 


---------------------------------------------------------------------------------


---------------------------------------------------------------------------------


Start Part Resource Summary


---------------------------------------------------------------------------------


Part Resources:


DSPs: 1248 (col length:96)


BRAMs: 288 (col length: RAMB18 96 RAMB36 48)


---------------------------------------------------------------------------------


Finished Part Resource Summary


---------------------------------------------------------------------------------


---------------------------------------------------------------------------------


Start Cross Boundary and Area Optimization


---------------------------------------------------------------------------------


---------------------------------------------------------------------------------


Finished Cross Boundary and Area Optimization : Time (s): cpu = 00:00:14 ; elapsed = 00:00:15 . Memory (MB): peak = 2127.078 ; gain = 389.754


---------------------------------------------------------------------------------


---------------------------------------------------------------------------------


Start Applying XDC Timing Constraints


---------------------------------------------------------------------------------


---------------------------------------------------------------------------------


Finished Applying XDC Timing Constraints : Time (s): cpu = 00:00:20 ; elapsed = 00:00:22 . Memory (MB): peak = 2839.238 ; gain = 1101.914


---------------------------------------------------------------------------------


---------------------------------------------------------------------------------


Start Timing Optimization


---------------------------------------------------------------------------------


---------------------------------------------------------------------------------


Finished Timing Optimization : Time (s): cpu = 00:00:20 ; elapsed = 00:00:22 . Memory (MB): peak = 2839.461 ; gain = 1102.137


---------------------------------------------------------------------------------


---------------------------------------------------------------------------------


Start Technology Mapping


---------------------------------------------------------------------------------


---------------------------------------------------------------------------------


Finished Technology Mapping : Time (s): cpu = 00:00:20 ; elapsed = 00:00:22 . Memory (MB): peak = 2849.086 ; gain = 1111.762


---------------------------------------------------------------------------------


---------------------------------------------------------------------------------


Start IO Insertion


---------------------------------------------------------------------------------


---------------------------------------------------------------------------------


Start Flattening Before IO Insertion


---------------------------------------------------------------------------------


---------------------------------------------------------------------------------


Finished Flattening Before IO Insertion


---------------------------------------------------------------------------------


---------------------------------------------------------------------------------


Start Final Netlist Cleanup


---------------------------------------------------------------------------------


---------------------------------------------------------------------------------


Finished Final Netlist Cleanup


---------------------------------------------------------------------------------


---------------------------------------------------------------------------------


Finished IO Insertion : Time (s): cpu = 00:00:22 ; elapsed = 00:00:25 . Memory (MB): peak = 3125.477 ; gain = 1388.152


---------------------------------------------------------------------------------


---------------------------------------------------------------------------------


Start Renaming Generated Instances


---------------------------------------------------------------------------------


---------------------------------------------------------------------------------


Finished Renaming Generated Instances : Time (s): cpu = 00:00:22 ; elapsed = 00:00:25 . Memory (MB): peak = 3125.477 ; gain = 1388.152


---------------------------------------------------------------------------------


---------------------------------------------------------------------------------


Start Rebuilding User Hierarchy


---------------------------------------------------------------------------------


---------------------------------------------------------------------------------


Finished Rebuilding User Hierarchy : Time (s): cpu = 00:00:22 ; elapsed = 00:00:25 . Memory (MB): peak = 3125.477 ; gain = 1388.152


---------------------------------------------------------------------------------


---------------------------------------------------------------------------------


Start Renaming Generated Ports


---------------------------------------------------------------------------------


---------------------------------------------------------------------------------


Finished Renaming Generated Ports : Time (s): cpu = 00:00:22 ; elapsed = 00:00:25 . Memory (MB): peak = 3125.477 ; gain = 1388.152


---------------------------------------------------------------------------------


---------------------------------------------------------------------------------


Start Handling Custom Attributes


---------------------------------------------------------------------------------


---------------------------------------------------------------------------------


Finished Handling Custom Attributes : Time (s): cpu = 00:00:22 ; elapsed = 00:00:25 . Memory (MB): peak = 3125.477 ; gain = 1388.152


---------------------------------------------------------------------------------


---------------------------------------------------------------------------------


Start Renaming Generated Nets


---------------------------------------------------------------------------------


---------------------------------------------------------------------------------


Finished Renaming Generated Nets : Time (s): cpu = 00:00:22 ; elapsed = 00:00:25 . Memory (MB): peak = 3125.477 ; gain = 1388.152


---------------------------------------------------------------------------------


---------------------------------------------------------------------------------


Start Writing Synthesis Report


---------------------------------------------------------------------------------





Report BlackBoxes: 


+------+----------------+----------+


|      |BlackBox name   |Instances |


+------+----------------+----------+


|1     |bd_0_hls_inst_0 |         1|


+------+----------------+----------+





Report Cell Usage: 


+------+--------------+------+


|      |Cell          |Count |


+------+--------------+------+


|1     |bd_0_hls_inst |     1|


+------+--------------+------+


---------------------------------------------------------------------------------


Finished Writing Synthesis Report : Time (s): cpu = 00:00:22 ; elapsed = 00:00:25 . Memory (MB): peak = 3125.477 ; gain = 1388.152


---------------------------------------------------------------------------------


Synthesis finished with 0 errors, 0 critical warnings and 0 warnings.


Synthesis Optimization Runtime : Time (s): cpu = 00:00:15 ; elapsed = 00:00:21 . Memory (MB): peak = 3125.477 ; gain = 1388.152


Synthesis Optimization Complete : Time (s): cpu = 00:00:23 ; elapsed = 00:00:25 . Memory (MB): peak = 3125.477 ; gain = 1388.152


INFO: [Project 1-571] Translating synthesized netlist


Netlist sorting complete. Time (s): cpu = 00:00:00 ; elapsed = 00:00:00.001 . Memory (MB): peak = 3125.477 ; gain = 0.000


INFO: [Project 1-570] Preparing netlist for logic optimization


INFO: [Opt 31-138] Pushed 0 inverter(s) to 0 load pin(s).


Netlist sorting complete. Time (s): cpu = 00:00:00 ; elapsed = 00:00:00 . Memory (MB): peak = 3125.477 ; gain = 0.000


INFO: [Project 1-111] Unisim Transformation Summary:


No Unisim elements were transformed.





Synth Design complete | Checksum: 24cb97c8


INFO: [Common 17-83] Releasing license: Vivado_Synthesis


23 Infos, 1 Warnings, 0 Critical Warnings and 0 Errors encountered.


synth_design completed successfully


synth_design: Time (s): cpu = 00:00:27 ; elapsed = 00:00:33 . Memory (MB): peak = 3125.477 ; gain = 2440.270


INFO: [Common 17-1381] The checkpoint 'Z:/Code/Dev/Ouroboros/build/pipeline/kv260_som/calibration-rv32i/work/hls/impl/verilog/project.runs/synth_1/bd_0_wrapper.dcp' has been generated.


INFO: [Vivado 12-24828] Executing command : report_utilization -file bd_0_wrapper_utilization_synth.rpt -pb bd_0_wrapper_utilization_synth.pb


INFO: [Common 17-206] Exiting Vivado at Thu Oct  1 17:25:48 2026...


[Thu Oct  1 17:25:53 2026] synth_1 finished


wait_on_runs: Time (s): cpu = 00:00:00 ; elapsed = 00:01:47 . Memory (MB): peak = 713.695 ; gain = 0.000


TIMESTAMP: HLS-REPORT: synthesis open_run: 2026-10-01 17:25:53 -0500


INFO: HLS-REPORT: Opening synthesis design database: open_run synth_1


Design is defaulting to impl run constrset: constrs_1


Design is defaulting to synth run part: xck26-sfvc784-2LV-c


INFO: [Device 21-403] Loading part xck26-sfvc784-2LV-c


INFO: [Project 1-5699] Read binary netlist with skipMacroContent - 1


INFO: [Project 1-454] Reading design checkpoint 'z:/Code/Dev/Ouroboros/build/pipeline/kv260_som/calibration-rv32i/work/hls/impl/verilog/project.gen/sources_1/bd/bd_0/ip/bd_0_hls_inst_0/bd_0_hls_inst_0.dcp' for cell 'bd_0_i/hls_inst'


Netlist sorting complete. Time (s): cpu = 00:00:00 ; elapsed = 00:00:00.014 . Memory (MB): peak = 1787.449 ; gain = 0.000


INFO: [Netlist 29-17] Analyzing 684 Unisim elements for replacement


INFO: [Netlist 29-28] Unisim Transformation completed in 0 CPU seconds


WARNING: [Netlist 29-43] Netlist 'bd_0_wrapper' is not ideal for floorplanning, since the cellview 'bd_0_hls_inst_0_core_top' defined in file 'bd_0_hls_inst_0.edf' contains large number of primitives.  Please consider enabling hierarchy in synthesis if you want to do floorplanning.


INFO: [Project 1-479] Netlist was created with Vivado 2026.1


INFO: [Project 1-570] Preparing netlist for logic optimization


Parsing XDC File [Z:/Code/Dev/Ouroboros/build/pipeline/kv260_som/calibration-rv32i/work/hls/impl/verilog/core_top.xdc]


Finished Parsing XDC File [Z:/Code/Dev/Ouroboros/build/pipeline/kv260_som/calibration-rv32i/work/hls/impl/verilog/core_top.xdc]


INFO: [Opt 31-138] Pushed 0 inverter(s) to 0 load pin(s).


Netlist sorting complete. Time (s): cpu = 00:00:00 ; elapsed = 00:00:00.001 . Memory (MB): peak = 2102.117 ; gain = 0.000


INFO: [Project 1-111] Unisim Transformation Summary:


No Unisim elements were transformed.





open_run: Time (s): cpu = 00:00:10 ; elapsed = 00:00:12 . Memory (MB): peak = 2102.117 ; gain = 1388.422


TIMESTAMP: HLS-REPORT: synthesis generate_reports_vivado: 2026-10-01 17:26:05 -0500


INFO: HLS-REPORT: Running report: report_utilization -file ./report/core_top_utilization_synth.rpt


INFO: HLS-REPORT: Running report: report_utilization -hierarchical -hierarchical_depth 5 -file ./report/core_top_utilization_hierarchical_synth.rpt


INFO: HLS-REPORT: Running report: report_timing_summary -file ./report/core_top_timing_synth.rpt


INFO: [Timing 38-35] Done setting XDC timing constraints.


INFO: [Timing 38-91] UpdateTimingParams: Speed grade: -2LV, Temperature grade: C, Delay Type: min_max.


INFO: [Timing 38-191] Multithreading enabled for timing update using a maximum of 2 CPUs


WARNING: [Timing 38-242] The property HD.CLK_SRC of clock port "ap_clk" is not set. In out-of-context mode, this prevents timing estimation for clock delay/skew


Resolution: Set the HD.CLK_SRC property of the out-of-context port to the location of the clock buffer instance in the top-level design


report_timing_summary: Time (s): cpu = 00:00:08 ; elapsed = 00:00:10 . Memory (MB): peak = 3433.168 ; gain = 1331.051


INFO: HLS-REPORT: Running report: report_power -file ./report/core_top_power_synth.rpt -xpe ./core_top_power.xpe


Command: report_power -file ./report/core_top_power_synth.rpt -xpe ./core_top_power.xpe


Running Vector-less Activity Propagation...





Finished Running Vector-less Activity Propagation


WARNING: [Power 33-737] Your current license is 'Basic.' This license doesn't cover the 'report_power -xpe' feature you selected. See the Vivado Licensing page for what features are supported in each tier and how to get the right license based on your requirements.


12 Infos, 3 Warnings, 0 Critical Warnings and 0 Errors encountered.


report_power completed successfully


INFO: HLS-REPORT: Running report: report_timing -max_paths 10 -file ./report/core_top_timing_paths_synth.rpt


INFO: [Timing 38-91] UpdateTimingParams: Speed grade: -2LV, Temperature grade: C, Delay Type: max.


INFO: [Timing 38-191] Multithreading enabled for timing update using a maximum of 2 CPUs


INFO: [Timing 38-78] ReportTimingParams: -max_paths 10 -nworst 1 -delay_type max -sort_by slack.


INFO: HLS-REPORT: Running report: report_design_analysis -file ./report/core_top_design_analysis_synth.rpt


INFO: [Implflow 30-839]  


INFO: HLS-REPORT: Running report: ::tclapp::xilinx::designutils::report_failfast -detailed_report synth -file ./report/core_top_failfast_synth.rpt


 -I- design metrics completed in 0 seconds


 -I- DONT_TOUCH metric completed in 0 seconds


 -I- MARK_DEBUG metric completed in 0 seconds


 -I- utilization metrics completed in 1 seconds


 -I- control set metrics completed in 0 seconds


 -I- methodology check metrics completed in 0 seconds


 -I- average fanout metrics completed in 0 seconds (0 modules)


 -I- non-FD high fanout nets completed in 1 seconds


 -I- path budgeting metrics completed in 0 seconds


#  +-----------------------------------------------------------------------------------------+


#  | Design Summary                                                                          |


#  | design_1                                                                                |


#  | xck26-sfvc784-2LV-c                                                                     |


#  +-----------------------------------------------------------+-----------+--------+--------+


#  | Criteria                                                  | Guideline | Actual | Status |


#  +-----------------------------------------------------------+-----------+--------+--------+


#  | LUT                                                       | 70%       | 2.01%  | OK     |


#  | FD                                                        | 50%       | 0.67%  | OK     |


#  | LUTRAM+SRL                                                | 25%       | 0.00%  | OK     |


#  | CARRY8                                                    | 25%       | 0.30%  | OK     |


#  | MUXF7                                                     | 15%       | 0.77%  | OK     |


#  | DSP                                                       | 80%       | 0.00%  | OK     |


#  | RAMB/FIFO                                                 | 80%       | 0.00%  | OK     |


#  | URAM                                                      | 80%       | 0.00%  | OK     |


#  | DSP+RAMB+URAM (Avg)                                       | 70%       | 0.00%  | OK     |


#  | BUFGCE* + BUFGCTRL                                        | 24        | 0      | OK     |


#  | DONT_TOUCH (cells/nets)                                   | 0         | 0      | OK     |


#  | MARK_DEBUG (nets)                                         | 0         | 0      | OK     |


#  | Control Sets                                              | 2196      | 51     | OK     |


#  | Average Fanout for modules > 100k cells                   | 4         | 3.94   | OK     |


#  | Max Average Fanout for modules > 100k cells               | 4         | 0      | OK     |


#  | Non-FD high fanout nets > 10k loads                       | 0         | 0      | OK     |


#  +-----------------------------------------------------------+-----------+--------+--------+


#  | TIMING-6 (No common primary clock between related clocks) | 0         | 0      | OK     |


#  | TIMING-7 (No common node between related clocks)          | 0         | 0      | OK     |


#  | TIMING-8 (No common period between related clocks)        | 0         | 0      | OK     |


#  | TIMING-14 (LUT on the clock tree)                         | 0         | 0      | OK     |


#  | TIMING-35 (No common node in paths with the same clock)   | 0         | 0      | OK     |


#  +-----------------------------------------------------------+-----------+--------+--------+


#  | Number of paths above max LUT budgeting (0.391ns)         | 0         | 0      | OK     |


#  | Number of paths above max Net budgeting (0.263ns)         | 0         | 0      | OK     |


#  +-----------------------------------------------------------+-----------+--------+--------+


 -I- Generated file Z:/Code/Dev/Ouroboros/build/pipeline/kv260_som/calibration-rv32i/work/hls/impl/verilog/report/core_top_failfast_synth.rpt


 -I- Number of criteria to review: 0


 -I- This report should be run before placing the design and uses conservative guidelines beyond which runtime and timing closure will likely be more challenging


 -I- report_failfast completed in 2 seconds


TIMESTAMP: HLS-REPORT: synthesis gen_data_dict_vivado: 2026-10-01 17:26:19 -0500


TIMESTAMP: HLS-REPORT: synth extract_util_hier: 2026-10-01 17:26:19 -0500


TIMESTAMP: HLS-REPORT: synth get_cell_hier_data: 2026-10-01 17:26:19 -0500


TIMESTAMP: HLS-REPORT: synth get_timing_paths: 2026-10-01 17:26:19 -0500


TIMESTAMP: HLS-REPORT: synth process timing paths: 2026-10-01 17:26:19 -0500


TIMESTAMP: HLS-REPORT: synth get_all_vv_rpt_files: 2026-10-01 17:26:20 -0500


TIMESTAMP: HLS-REPORT: synthesis write_reports_vivado: 2026-10-01 17:26:20 -0500


HLS EXTRACTION: synth area_totals:  0 117120 234240 1248 288 0 64


HLS EXTRACTION: synth area_current: 0 2352 1573 0 0 0 0 0 0 0


HLS EXTRACTION: synth resources_dict: AVAIL_LUT 117120 LUT 2352 AVAIL_FF 234240 FF 1573 AVAIL_DSP 1248 DSP 0 AVAIL_BRAM 288 BRAM 0 AVAIL_URAM 64 URAM 0 LATCH 0 SRL 0 AVAIL_CLB 0 CLB 0


INFO: HLS-REPORT: generated Z:/Code/Dev/Ouroboros/build/pipeline/kv260_som/calibration-rv32i/work/hls/impl/verilog/report/vivado_syn.xml


INFO: HLS-REPORT: generated Z:/Code/Dev/Ouroboros/build/pipeline/kv260_som/calibration-rv32i/work/hls/impl/report/verilog/core_top_export.rpt








Implementation tool: Xilinx Vivado v.2026.1


Project:             work


Solution:            hls


Device target:       xck26-sfvc784-2LV-c


Report date:         Thu Oct 01 17:26:20 -0500 2026





#=== Post-Synthesis Resource usage ===


SLICE:            0


LUT:           2352


FF:            1573


DSP:              0


BRAM:             0


URAM:             0


LATCH:            0


SRL:              0


CLB:              0





#=== Final timing ===


CP required:                     10.000


CP achieved post-synthesis:      4.557


Timing met





TIMESTAMP: HLS-REPORT: synthesis end: 2026-10-01 17:26:20 -0500


# if { $has_impl } {


#   # launch run impl


#   if { [llength $impl_props] } {


#     set_property -dict $impl_props [get_runs impl_1]


#   }


#   launch_runs impl_1


#   wait_on_run impl_1


#   # impl reports


#   hls_vivado_reports_impl impl_1 $report_options


# }


INFO: [Timing 38-480] Writing timing data to binary archive.


Write ShapeDB Complete: Time (s): cpu = 00:00:00 ; elapsed = 00:00:00.005 . Memory (MB): peak = 3433.168 ; gain = 0.000


WARNING: [Common 17-210] 'write_hwdef' is deprecated.


[Thu Oct  1 17:26:21 2026] Launched impl_1...


Run output will be captured here: Z:/Code/Dev/Ouroboros/build/pipeline/kv260_som/calibration-rv32i/work/hls/impl/verilog/project.runs/impl_1/runme.log


[Thu Oct  1 17:26:21 2026] Waiting for impl_1 to finish...








*** Running vivado


    with args -log bd_0_wrapper.vdi -applog -m64 -product Vivado -messageDb vivado.pb -mode batch -source bd_0_wrapper.tcl -notrace








INFO: [Common 17-3922] A valid Vivado Design Suite BASIC license has been detected. Your current license is active and will expire on 30-sep-2027.


#-----------------------------------------------------------


# Vivado v2026.1 (64-bit)


# SW Build 6511674 on Tue Jun 16 11:02:23 MDT 2026


# IP Build 6504888 on Tue Jun 09 09:05:25 MDT 2026


# SharedData Build 6501428 on Mon Jun 08 17:34:18 MDT 2026


# Start of session at: Thu Oct  1 17:26:28 2026


# Process ID         : 35404


# Current directory  : Z:/Code/Dev/Ouroboros/build/pipeline/kv260_som/calibration-rv32i/work/hls/impl/verilog/project.runs/impl_1


# Command line       : vivado.exe -log bd_0_wrapper.vdi -applog -product Vivado -messageDb vivado.pb -mode batch -source bd_0_wrapper.tcl -notrace


# Log file           : Z:/Code/Dev/Ouroboros/build/pipeline/kv260_som/calibration-rv32i/work/hls/impl/verilog/project.runs/impl_1/bd_0_wrapper.vdi


# Journal file       : Z:/Code/Dev/Ouroboros/build/pipeline/kv260_som/calibration-rv32i/work/hls/impl/verilog/project.runs/impl_1\vivado.jou


# Running On         : WaddleDeeTheOG


# Platform           : Windows 11


# Operating System   : 22621


# Processor Detail   : AMD Ryzen 7 7700X 8-Core Processor             


# CPU Frequency      : 4500 MHz


# CPU Physical cores : 8


# CPU Logical cores  : 16


# Host memory        : 33457 MB


# Swap memory        : 33457 MB


# Total Virtual      : 66914 MB


# Available Virtual  : 31627 MB


#-----------------------------------------------------------





****** Vivado v2026.1 (64-bit)


  **** SW Build 6511674 on Tue Jun 16 11:02:23 MDT 2026


  **** IP Build 6504888 on Tue Jun 09 09:05:25 MDT 2026


  **** SharedData Build 6501428 on Mon Jun 08 17:34:18 MDT 2026


  **** Start of session at: Thu Oct  1 17:26:28 2026


    ** Copyright 1986-2022 Xilinx, Inc. All Rights Reserved.


    ** Copyright 2022-2026 Advanced Micro Devices, Inc. All Rights Reserved.





source bd_0_wrapper.tcl -notrace


INFO: Dispatch client connection id - 52025


Command: open_checkpoint Z:/Code/Dev/Ouroboros/build/pipeline/kv260_som/calibration-rv32i/work/hls/impl/verilog/project.runs/impl_1/bd_0_wrapper.dcp


INFO: [Device 21-403] Loading part xck26-sfvc784-2LV-c


Netlist sorting complete. Time (s): cpu = 00:00:00 ; elapsed = 00:00:00.013 . Memory (MB): peak = 1733.996 ; gain = 0.000


INFO: [Netlist 29-17] Analyzing 684 Unisim elements for replacement


INFO: [Netlist 29-28] Unisim Transformation completed in 0 CPU seconds


WARNING: [Netlist 29-43] Netlist 'bd_0_wrapper' is not ideal for floorplanning, since the cellview 'bd_0_hls_inst_0_core_top' defined in file 'bd_0_hls_inst_0.edf' contains large number of primitives.  Please consider enabling hierarchy in synthesis if you want to do floorplanning.


INFO: [Project 1-479] Netlist was created with Vivado 2026.1


INFO: [Project 1-570] Preparing netlist for logic optimization


Read ShapeDB Complete: Time (s): cpu = 00:00:00 ; elapsed = 00:00:00.006 . Memory (MB): peak = 1733.996 ; gain = 0.000


INFO: [Timing 38-478] Restoring timing data from binary archive.


INFO: [Timing 38-479] Binary timing data restore complete.


INFO: [Project 1-856] Restoring constraints from binary archive.


INFO: [Project 1-853] Binary constraint restore complete.


Netlist sorting complete. Time (s): cpu = 00:00:00 ; elapsed = 00:00:00.001 . Memory (MB): peak = 2357.215 ; gain = 0.000


INFO: [Project 1-111] Unisim Transformation Summary:


No Unisim elements were transformed.





INFO: [Project 1-604] Checkpoint was created with Vivado v2026.1 (64-bit) build 6511674


open_checkpoint: Time (s): cpu = 00:00:16 ; elapsed = 00:00:17 . Memory (MB): peak = 2357.215 ; gain = 1994.250


INFO: [IP_Flow 19-234] Refreshing IP repositories


INFO: [IP_Flow 19-1700] Loaded user IP repository 'z:/Code/Dev/Ouroboros/build/pipeline/kv260_som/calibration-rv32i/work/hls/impl/ip'.


INFO: [IP_Flow 19-2313] Loaded Vivado IP repository 'Z:/FPGA/2026.1/Vivado/data/ip'.


WARNING: [IP_Flow 19-4995] The host OS only allows 260 characters in a normal path. The IP cache path is more than 80 characters. If you experience issues with IP caching, please consider changing the IP cache to a location with a shorter path. Alternately consider using the OS subst command to map part of the path to a drive letter. 


Current IP cache path is Z:/Code/Dev/Ouroboros/build/pipeline/kv260_som/calibration-rv32i/work/hls/impl/verilog/project.cache/ip 


Command: opt_design


Attempting to get a license for feature 'Vivado_Implementation' and/or device 'xck26'


INFO: [Common 17-349] Got license for feature 'Vivado_Implementation' and/or device 'xck26'


Running DRC as a precondition to command opt_design





Starting DRC Task


INFO: [DRC 23-27] Running DRC with 2 threads


WARNING: [DRC 23-814] Not all possible (connectivity based) DRCs may have been run because this design is seen as Out of Context.


INFO: [Project 1-461] DRC finished with 0 Errors


INFO: [Project 1-462] Please refer to the DRC report (report_drc) for more information.





Time (s): cpu = 00:00:00 ; elapsed = 00:00:00.367 . Memory (MB): peak = 2405.297 ; gain = 40.215





Starting Cache Timing Information Task


Ending Cache Timing Information Task | Checksum: 15b7027a5





Time (s): cpu = 00:00:02 ; elapsed = 00:00:01 . Memory (MB): peak = 2443.395 ; gain = 38.098





Starting Logic Optimization Task





Phase 1 Initialization





Phase 1.1 Core Generation And Design Setup


Phase 1.1 Core Generation And Design Setup | Checksum: 15b7027a5





Time (s): cpu = 00:00:00 ; elapsed = 00:00:00.002 . Memory (MB): peak = 2957.461 ; gain = 0.000





Phase 1.2 Setup Constraints And Sort Netlist


Phase 1.2 Setup Constraints And Sort Netlist | Checksum: 15b7027a5





Time (s): cpu = 00:00:00 ; elapsed = 00:00:00.005 . Memory (MB): peak = 2957.461 ; gain = 0.000


Phase 1 Initialization | Checksum: 15b7027a5





Time (s): cpu = 00:00:00 ; elapsed = 00:00:00.005 . Memory (MB): peak = 2957.461 ; gain = 0.000





Phase 2 Timer Update And Timing Data Collection





Phase 2.1 Detect if minReqCache needed


Phase 2.1 Detect if minReqCache needed | Checksum: 15b7027a5





Time (s): cpu = 00:00:00 ; elapsed = 00:00:00.012 . Memory (MB): peak = 2957.488 ; gain = 0.027





Phase 2.2 Timer Update


Phase 2.2 Timer Update | Checksum: 15b7027a5





Time (s): cpu = 00:00:00 ; elapsed = 00:00:00.017 . Memory (MB): peak = 2957.488 ; gain = 0.027


Phase 2 Timer Update And Timing Data Collection | Checksum: 15b7027a5





Time (s): cpu = 00:00:00 ; elapsed = 00:00:00.018 . Memory (MB): peak = 2957.488 ; gain = 0.027





Phase 3 Retarget


INFO: [Opt 31-1851] Number of loadless carry chains removed were: 0


INFO: [Opt 31-1834] Total Chains To Be Transformed Were: 0 AND Number of Transformed insts Created are: 0


INFO: [Opt 31-138] Pushed 0 inverter(s) to 0 load pin(s).


INFO: [Opt 31-49] Retargeted 0 cell(s).


Phase 3 Retarget | Checksum: 203906bd3





Time (s): cpu = 00:00:00 ; elapsed = 00:00:00.072 . Memory (MB): peak = 2957.488 ; gain = 0.027


Retarget | Checksum: 203906bd3


INFO: [Opt 31-389] Phase Retarget created 0 cells and removed 0 cells





Phase 4 Constant propagation


INFO: [Opt 31-138] Pushed 0 inverter(s) to 0 load pin(s).


Phase 4 Constant propagation | Checksum: 16ffe82fa





Time (s): cpu = 00:00:00 ; elapsed = 00:00:00.093 . Memory (MB): peak = 2957.488 ; gain = 0.027


Constant propagation | Checksum: 16ffe82fa


INFO: [Opt 31-389] Phase Constant propagation created 0 cells and removed 0 cells





Phase 5 Sweep


INFO: [Constraints 18-11670] Building netlist checker database with flags, 0x8


Done building netlist checker database: Time (s): cpu = 00:00:00 ; elapsed = 00:00:00.001 . Memory (MB): peak = 2957.488 ; gain = 0.000


Phase 5 Sweep | Checksum: 1ec6bbbdd





Time (s): cpu = 00:00:00 ; elapsed = 00:00:00.114 . Memory (MB): peak = 2957.488 ; gain = 0.027


Sweep | Checksum: 1ec6bbbdd


INFO: [Opt 31-389] Phase Sweep created 0 cells and removed 0 cells





Phase 6 BUFG optimization


INFO: [Opt 31-1077] Phase BUFG optimization inserted 0 global clock buffer(s) for CLOCK_LOW_FANOUT.


Phase 6 BUFG optimization | Checksum: 1ec6bbbdd





Time (s): cpu = 00:00:00 ; elapsed = 00:00:00.129 . Memory (MB): peak = 2957.488 ; gain = 0.027


BUFG optimization | Checksum: 1ec6bbbdd


INFO: [Opt 31-662] Phase BUFG optimization created 0 cells of which 0 are BUFGs and removed 0 cells.





Phase 7 Shift Register Optimization


INFO: [Opt 31-1064] SRL Remap converted 0 SRLs to 0 registers and converted 0 registers of register chains to 0 SRLs


Phase 7 Shift Register Optimization | Checksum: 1ec6bbbdd





Time (s): cpu = 00:00:00 ; elapsed = 00:00:00.133 . Memory (MB): peak = 2957.488 ; gain = 0.027


Shift Register Optimization | Checksum: 1ec6bbbdd


INFO: [Opt 31-389] Phase Shift Register Optimization created 0 cells and removed 0 cells





Phase 8 Post Processing Netlist


Phase 8 Post Processing Netlist | Checksum: 1ec6bbbdd





Time (s): cpu = 00:00:00 ; elapsed = 00:00:00.139 . Memory (MB): peak = 2957.488 ; gain = 0.027


Post Processing Netlist | Checksum: 1ec6bbbdd


INFO: [Opt 31-389] Phase Post Processing Netlist created 0 cells and removed 0 cells





Phase 9 Finalization





Phase 9.1 Finalizing Design Cores and Updating Shapes


Phase 9.1 Finalizing Design Cores and Updating Shapes | Checksum: 2266ae449





Time (s): cpu = 00:00:00 ; elapsed = 00:00:00.175 . Memory (MB): peak = 2957.488 ; gain = 0.027





Phase 9.2 Verifying Netlist Connectivity





Starting Connectivity Check Task





Time (s): cpu = 00:00:00 ; elapsed = 00:00:00.007 . Memory (MB): peak = 2957.488 ; gain = 0.000


Phase 9.2 Verifying Netlist Connectivity | Checksum: 2266ae449





Time (s): cpu = 00:00:00 ; elapsed = 00:00:00.183 . Memory (MB): peak = 2957.488 ; gain = 0.027


Phase 9 Finalization | Checksum: 2266ae449





Time (s): cpu = 00:00:00 ; elapsed = 00:00:00.184 . Memory (MB): peak = 2957.488 ; gain = 0.027


Opt_design Change Summary


=========================








-------------------------------------------------------------------------------------------------------------------------


|  Phase                        |  #Cells created  |  #Cells Removed  |  #Constrained objects preventing optimizations  |


-------------------------------------------------------------------------------------------------------------------------


|  Retarget                     |               0  |               0  |                                              0  |


|  Constant propagation         |               0  |               0  |                                              0  |


|  Sweep                        |               0  |               0  |                                              0  |


|  BUFG optimization            |               0  |               0  |                                              0  |


|  Shift Register Optimization  |               0  |               0  |                                              0  |


|  Post Processing Netlist      |               0  |               0  |                                              0  |


-------------------------------------------------------------------------------------------------------------------------








Ending Logic Optimization Task | Checksum: 2266ae449





Time (s): cpu = 00:00:00 ; elapsed = 00:00:00.185 . Memory (MB): peak = 2957.488 ; gain = 0.027





Starting Power Optimization Task


INFO: [Pwropt 34-132] Skipping clock gating for clocks with a period < 2.00 ns.


Ending Power Optimization Task | Checksum: 2266ae449





Time (s): cpu = 00:00:00 ; elapsed = 00:00:00.007 . Memory (MB): peak = 2957.488 ; gain = 0.000





Starting Final Cleanup Task


Ending Final Cleanup Task | Checksum: 2266ae449





Time (s): cpu = 00:00:00 ; elapsed = 00:00:00.001 . Memory (MB): peak = 2957.488 ; gain = 0.000


Netlist sorting complete. Time (s): cpu = 00:00:00 ; elapsed = 00:00:00.001 . Memory (MB): peak = 2957.488 ; gain = 0.000


INFO: [Common 17-83] Releasing license: Vivado_Implementation


34 Infos, 3 Warnings, 0 Critical Warnings and 0 Errors encountered.


opt_design completed successfully


INFO: [Vivado 12-24828] Executing command : report_drc -file bd_0_wrapper_drc_opted.rpt -pb bd_0_wrapper_drc_opted.pb -rpx bd_0_wrapper_drc_opted.rpx


Command: report_drc -file bd_0_wrapper_drc_opted.rpt -pb bd_0_wrapper_drc_opted.pb -rpx bd_0_wrapper_drc_opted.rpx


INFO: [IP_Flow 19-1839] IP Catalog is up to date.


INFO: [Timing 38-35] Done setting XDC timing constraints.


WARNING: [Timing 38-242] The property HD.CLK_SRC of clock port "ap_clk" is not set. In out-of-context mode, this prevents timing estimation for clock delay/skew


Resolution: Set the HD.CLK_SRC property of the out-of-context port to the location of the clock buffer instance in the top-level design


INFO: [DRC 23-27] Running DRC with 2 threads


WARNING: [DRC 23-814] Not all possible (connectivity based) DRCs may have been run because this design is seen as Out of Context.


INFO: [Vivado_Tcl 2-168] The results of DRC are in file Z:/Code/Dev/Ouroboros/build/pipeline/kv260_som/calibration-rv32i/work/hls/impl/verilog/project.runs/impl_1/bd_0_wrapper_drc_opted.rpt.


report_drc completed successfully


report_drc: Time (s): cpu = 00:00:07 ; elapsed = 00:00:08 . Memory (MB): peak = 3528.844 ; gain = 571.355


generate_parallel_reports: Time (s): cpu = 00:00:07 ; elapsed = 00:00:09 . Memory (MB): peak = 3528.844 ; gain = 571.355


INFO: [Timing 38-480] Writing timing data to binary archive.


Write ShapeDB Complete: Time (s): cpu = 00:00:00 ; elapsed = 00:00:00.004 . Memory (MB): peak = 3528.844 ; gain = 0.000


INFO: [Common 17-1381] The checkpoint 'Z:/Code/Dev/Ouroboros/build/pipeline/kv260_som/calibration-rv32i/work/hls/impl/verilog/project.runs/impl_1/bd_0_wrapper_opt.dcp' has been generated.


Command: place_design


Attempting to get a license for feature 'Vivado_Implementation' and/or device 'xck26'


INFO: [Common 17-349] Got license for feature 'Vivado_Implementation' and/or device 'xck26'


INFO: [Common 17-83] Releasing license: Vivado_Implementation


Running DRC as a precondition to command place_design


INFO: [DRC 23-27] Running DRC with 2 threads


WARNING: [DRC 23-814] Not all possible (connectivity based) DRCs may have been run because this design is seen as Out of Context.


INFO: [Vivado_Tcl 4-198] DRC finished with 0 Errors


INFO: [Vivado_Tcl 4-199] Please refer to the DRC report (report_drc) for more information.


INFO: [Place 30-611] Multithreading enabled for place_design using a maximum of 2 CPUs





Starting Placer Task





Phase 1 Placer Initialization





Phase 1.1 Placer Initialization Netlist Sorting


Netlist sorting complete. Time (s): cpu = 00:00:00 ; elapsed = 00:00:00.001 . Memory (MB): peak = 3528.844 ; gain = 0.000


Phase 1.1 Placer Initialization Netlist Sorting | Checksum: 1ea5f8cfa





Time (s): cpu = 00:00:00 ; elapsed = 00:00:00.002 . Memory (MB): peak = 3528.844 ; gain = 0.000


Netlist sorting complete. Time (s): cpu = 00:00:00 ; elapsed = 00:00:00.001 . Memory (MB): peak = 3528.844 ; gain = 0.000





Phase 1.2 IO Placement/ Clock Placement/ Build Placer Device


Phase 1.2 IO Placement/ Clock Placement/ Build Placer Device | Checksum: 189502b8e





Time (s): cpu = 00:00:00 ; elapsed = 00:00:00.217 . Memory (MB): peak = 3528.844 ; gain = 0.000





Phase 1.3 Build Placer Netlist Model


Phase 1.3 Build Placer Netlist Model | Checksum: 25fe9ae07





Time (s): cpu = 00:00:01 ; elapsed = 00:00:00.763 . Memory (MB): peak = 3528.844 ; gain = 0.000





Phase 1.4 Constrain Clocks/Macros


Phase 1.4 Constrain Clocks/Macros | Checksum: 25fe9ae07





Time (s): cpu = 00:00:01 ; elapsed = 00:00:00.766 . Memory (MB): peak = 3528.844 ; gain = 0.000


Phase 1 Placer Initialization | Checksum: 25fe9ae07





Time (s): cpu = 00:00:01 ; elapsed = 00:00:00.773 . Memory (MB): peak = 3528.844 ; gain = 0.000





Phase 2 Global Placement





Phase 2.1 Floorplanning





Phase 2.1.1 Partition Driven Placement





Phase 2.1.1.1 PBP: Partition Driven Placement


Phase 2.1.1.1 PBP: Partition Driven Placement | Checksum: 1d1bdd6f2





Time (s): cpu = 00:00:01 ; elapsed = 00:00:01 . Memory (MB): peak = 3528.844 ; gain = 0.000





Phase 2.1.1.2 PBP: Clock Region Placement


INFO: [Place 30-3164] Check ILP status : ILP-based clock placer is skipped.


Phase 2.1.1.2 PBP: Clock Region Placement | Checksum: 2249c2ad3





Time (s): cpu = 00:00:01 ; elapsed = 00:00:01 . Memory (MB): peak = 3528.844 ; gain = 0.000





Phase 2.1.1.3 PBP: Compute Congestion


Phase 2.1.1.3 PBP: Compute Congestion | Checksum: 2249c2ad3





Time (s): cpu = 00:00:04 ; elapsed = 00:00:04 . Memory (MB): peak = 3528.844 ; gain = 0.000





Phase 2.1.1.4 PBP: UpdateTiming


Phase 2.1.1.4 PBP: UpdateTiming | Checksum: 20251469a





Time (s): cpu = 00:00:04 ; elapsed = 00:00:05 . Memory (MB): peak = 3528.844 ; gain = 0.000





Phase 2.1.1.5 PBP: Add part constraints


Phase 2.1.1.5 PBP: Add part constraints | Checksum: 20251469a





Time (s): cpu = 00:00:04 ; elapsed = 00:00:05 . Memory (MB): peak = 3528.844 ; gain = 0.000


Phase 2.1.1 Partition Driven Placement | Checksum: 20251469a





Time (s): cpu = 00:00:04 ; elapsed = 00:00:05 . Memory (MB): peak = 3528.844 ; gain = 0.000


Phase 2.1 Floorplanning | Checksum: 251c2f1e7





Time (s): cpu = 00:00:04 ; elapsed = 00:00:05 . Memory (MB): peak = 3528.844 ; gain = 0.000





Phase 2.2 Update Timing before SLR Path Opt


Phase 2.2 Update Timing before SLR Path Opt | Checksum: 251c2f1e7





Time (s): cpu = 00:00:04 ; elapsed = 00:00:05 . Memory (MB): peak = 3528.844 ; gain = 0.000





Phase 2.3 Post-Processing in Floorplanning


Phase 2.3 Post-Processing in Floorplanning | Checksum: 251c2f1e7





Time (s): cpu = 00:00:04 ; elapsed = 00:00:05 . Memory (MB): peak = 3528.844 ; gain = 0.000





Phase 2.4 Global Place Phase1


Phase 2.4 Global Place Phase1 | Checksum: 195e341b0





Time (s): cpu = 00:00:12 ; elapsed = 00:00:13 . Memory (MB): peak = 3528.844 ; gain = 0.000





Phase 2.5 Global Place Phase2





Phase 2.5.1 UpdateTiming Before Physical Synthesis


Phase 2.5.1 UpdateTiming Before Physical Synthesis | Checksum: 23c496e6d





Time (s): cpu = 00:00:12 ; elapsed = 00:00:13 . Memory (MB): peak = 3528.844 ; gain = 0.000





Phase 2.5.2 Physical Synthesis In Placer


INFO: [Physopt 32-1035] Found 0 LUTNM shape to break, 124 LUT instances to create LUTNM shape


INFO: [Physopt 32-1044] Break lutnm for timing: one critical 0, two critical 0, total 0, new lutff created 0


INFO: [Physopt 32-1138] End 1 Pass. Optimized 42 nets or LUTs. Breaked 0 LUT, combined 42 existing LUTs and moved 0 existing LUT


INFO: [Physopt 32-670] No setup violation found.  Equivalent Driver Rewiring was not performed.


INFO: [Physopt 32-65] No nets found for high-fanout optimization.


INFO: [Physopt 32-232] Optimized 0 net. Created 0 new instance.


INFO: [Physopt 32-775] End 1 Pass. Optimized 0 net or cell. Created 0 new cell, deleted 0 existing cell and moved 0 existing cell


INFO: [Physopt 32-670] No setup violation found.  DSP Register Optimization was not performed.


INFO: [Physopt 32-670] No setup violation found.  Shift Register to Pipeline Optimization was not performed.


INFO: [Physopt 32-670] No setup violation found.  Shift Register Optimization was not performed.


INFO: [Physopt 32-670] No setup violation found.  BRAM Register Optimization was not performed.


INFO: [Physopt 32-670] No setup violation found.  URAM Register Optimization was not performed.


INFO: [Physopt 32-949] No candidate nets found for dynamic/static region interface net replication


INFO: [Physopt 32-775] End 1 Pass. Optimized 0 net or cell. Created 0 new cell, deleted 0 existing cell and moved 0 existing cell


Netlist sorting complete. Time (s): cpu = 00:00:00 ; elapsed = 00:00:00.001 . Memory (MB): peak = 3528.844 ; gain = 0.000





Summary of Physical Synthesis Optimizations


============================================








-----------------------------------------------------------------------------------------------------------------------------------------------------------


|  Optimization                                     |  Added Cells  |  Removed Cells  |  Optimized Cells/Nets  |  Dont Touch  |  Iterations  |  Elapsed   |


-----------------------------------------------------------------------------------------------------------------------------------------------------------


|  LUT Combining                                    |            0  |             42  |                    42  |           0  |           1  |  00:00:00  |


|  Retime                                           |            0  |              0  |                     0  |           0  |           1  |  00:00:00  |


|  Equivalent Driver Rewiring                       |            0  |              0  |                     0  |           0  |           0  |  00:00:00  |


|  Very High Fanout                                 |            0  |              0  |                     0  |           0  |           1  |  00:00:00  |


|  DSP Register                                     |            0  |              0  |                     0  |           0  |           0  |  00:00:00  |


|  Shift Register to Pipeline                       |            0  |              0  |                     0  |           0  |           0  |  00:00:00  |


|  Shift Register                                   |            0  |              0  |                     0  |           0  |           0  |  00:00:00  |


|  BRAM Register                                    |            0  |              0  |                     0  |           0  |           0  |  00:00:00  |


|  URAM Register                                    |            0  |              0  |                     0  |           0  |           0  |  00:00:00  |


|  Dynamic/Static Region Interface Net Replication  |            0  |              0  |                     0  |           0  |           1  |  00:00:00  |


|  Total                                            |            0  |             42  |                    42  |           0  |           4  |  00:00:00  |


-----------------------------------------------------------------------------------------------------------------------------------------------------------








Phase 2.5.2 Physical Synthesis In Placer | Checksum: 2e020cf15





Time (s): cpu = 00:00:12 ; elapsed = 00:00:13 . Memory (MB): peak = 3528.844 ; gain = 0.000


Phase 2.5 Global Place Phase2 | Checksum: 2a554504e





Time (s): cpu = 00:00:16 ; elapsed = 00:00:16 . Memory (MB): peak = 3528.844 ; gain = 0.000


Phase 2 Global Placement | Checksum: 2a554504e





Time (s): cpu = 00:00:16 ; elapsed = 00:00:16 . Memory (MB): peak = 3528.844 ; gain = 0.000





Phase 3 Detail Placement





Phase 3.1 Commit Multi Column Macros


Phase 3.1 Commit Multi Column Macros | Checksum: 25e5b92c6





Time (s): cpu = 00:00:19 ; elapsed = 00:00:20 . Memory (MB): peak = 3528.844 ; gain = 0.000





Phase 3.2 Commit Most Macros & LUTRAMs


Phase 3.2 Commit Most Macros & LUTRAMs | Checksum: 2d285dfec





Time (s): cpu = 00:00:19 ; elapsed = 00:00:20 . Memory (MB): peak = 3528.844 ; gain = 0.000





Phase 3.3 Small Shape DP





Phase 3.3.1 Small Shape Clustering


Phase 3.3.1 Small Shape Clustering | Checksum: 33f8e7e22





Time (s): cpu = 00:00:25 ; elapsed = 00:00:26 . Memory (MB): peak = 3528.844 ; gain = 0.000





Phase 3.3.2 Slice Area Swap





Phase 3.3.2.1 Slice Area Swap Initial


Phase 3.3.2.1 Slice Area Swap Initial | Checksum: 3a07ec204





Time (s): cpu = 00:00:28 ; elapsed = 00:00:30 . Memory (MB): peak = 3528.844 ; gain = 0.000


Phase 3.3.2 Slice Area Swap | Checksum: 3a07ec204





Time (s): cpu = 00:00:28 ; elapsed = 00:00:30 . Memory (MB): peak = 3528.844 ; gain = 0.000


Phase 3.3 Small Shape DP | Checksum: 3080a5e2b





Time (s): cpu = 00:00:34 ; elapsed = 00:00:36 . Memory (MB): peak = 3528.844 ; gain = 0.000





Phase 3.4 Re-assign LUT pins


Phase 3.4 Re-assign LUT pins | Checksum: 326da7d55





Time (s): cpu = 00:00:34 ; elapsed = 00:00:36 . Memory (MB): peak = 3528.844 ; gain = 0.000





Phase 3.5 Pipeline Register Optimization


Phase 3.5 Pipeline Register Optimization | Checksum: 31532f7d5





Time (s): cpu = 00:00:34 ; elapsed = 00:00:36 . Memory (MB): peak = 3528.844 ; gain = 0.000


Phase 3 Detail Placement | Checksum: 31532f7d5





Time (s): cpu = 00:00:34 ; elapsed = 00:00:36 . Memory (MB): peak = 3528.844 ; gain = 0.000





Phase 4 Post Placement Optimization and Clean-Up





Phase 4.1 Post Commit Optimization


INFO: [Timing 38-35] Done setting XDC timing constraints.





Phase 4.1.1 Post Placement Optimization


Post Placement Optimization Initialization | Checksum: 21321f77c





Phase 4.1.1.1 BUFG Insertion





Starting Physical Synthesis Task





Phase 1 Physical Synthesis Initialization


INFO: [Physopt 32-721] Multithreading enabled for phys_opt_design using a maximum of 2 CPUs


INFO: [Physopt 32-619] Estimated Timing Summary | WNS=3.960 | TNS=0.000 |


Phase 1 Physical Synthesis Initialization | Checksum: e7e80ae3





Time (s): cpu = 00:00:00 ; elapsed = 00:00:00.041 . Memory (MB): peak = 3528.844 ; gain = 0.000


INFO: [Place 30-3162] Check ILP status : ILP-based clock placer completed successfully.


INFO: [Place 30-3162] Check ILP status : ILP-based clock placer completed successfully.


INFO: [Place 46-35] Processed net bd_0_i/hls_inst/inst/flow_control_loop_delay_pipe_U/p_231_in, inserted BUFG to drive 1192 loads.


INFO: [Place 46-56] BUFG insertion identified 1 candidate nets. Inserted BUFG: 1, Replicated BUFG Driver: 0, Skipped due to Placement/Routing Conflicts: 0, Skipped due to Timing Degradation: 0, Skipped due to netlist editing failed: 0.


Ending Physical Synthesis Task | Checksum: 28ea739eb





Time (s): cpu = 00:00:00 ; elapsed = 00:00:00.336 . Memory (MB): peak = 3528.844 ; gain = 0.000


Phase 4.1.1.1 BUFG Insertion | Checksum: 2edacf38c





Time (s): cpu = 00:00:38 ; elapsed = 00:00:41 . Memory (MB): peak = 3528.844 ; gain = 0.000





Phase 4.1.1.2 Post Placement Timing Optimization


INFO: [Place 30-746] Post Placement Timing Summary WNS=3.960. For the most accurate timing information please run report_timing.


Phase 4.1.1.2 Post Placement Timing Optimization | Checksum: 2f4655143





Time (s): cpu = 00:00:38 ; elapsed = 00:00:41 . Memory (MB): peak = 3528.844 ; gain = 0.000





Time (s): cpu = 00:00:38 ; elapsed = 00:00:41 . Memory (MB): peak = 3528.844 ; gain = 0.000


Phase 4.1 Post Commit Optimization | Checksum: 2f4655143





Time (s): cpu = 00:00:38 ; elapsed = 00:00:41 . Memory (MB): peak = 3528.844 ; gain = 0.000


Netlist sorting complete. Time (s): cpu = 00:00:00 ; elapsed = 00:00:00.003 . Memory (MB): peak = 3528.844 ; gain = 0.000





Phase 4.2 Post Placement Cleanup


Phase 4.2 Post Placement Cleanup | Checksum: 2a626a552





Time (s): cpu = 00:00:43 ; elapsed = 00:00:45 . Memory (MB): peak = 3528.844 ; gain = 0.000





Phase 4.3 Placer Reporting





Phase 4.3.1 Print Estimated Congestion


INFO: [Place 30-612] Post-Placement Estimated Congestion 


 ________________________________________________________________________


|           | Global Congestion | Long Congestion   | Short Congestion  |


| Direction | Region Size       | Region Size       | Region Size       |


|___________|___________________|___________________|___________________|


|      North|                1x1|                1x1|                1x1|


|___________|___________________|___________________|___________________|


|      South|                1x1|                1x1|                1x1|


|___________|___________________|___________________|___________________|


|       East|                1x1|                1x1|                1x1|


|___________|___________________|___________________|___________________|


|       West|                1x1|                1x1|                2x2|


|___________|___________________|___________________|___________________|





Phase 4.3.1 Print Estimated Congestion | Checksum: 2a626a552





Time (s): cpu = 00:00:43 ; elapsed = 00:00:45 . Memory (MB): peak = 3528.844 ; gain = 0.000


Phase 4.3 Placer Reporting | Checksum: 2a626a552





Time (s): cpu = 00:00:43 ; elapsed = 00:00:45 . Memory (MB): peak = 3528.844 ; gain = 0.000





Phase 4.4 Final Placement Cleanup


Netlist sorting complete. Time (s): cpu = 00:00:00 ; elapsed = 00:00:00.001 . Memory (MB): peak = 3528.844 ; gain = 0.000





Time (s): cpu = 00:00:43 ; elapsed = 00:00:45 . Memory (MB): peak = 3528.844 ; gain = 0.000


Phase 4 Post Placement Optimization and Clean-Up | Checksum: 29e5a4592





Time (s): cpu = 00:00:43 ; elapsed = 00:00:45 . Memory (MB): peak = 3528.844 ; gain = 0.000


Ending Placer Task | Checksum: 1b072b0b4





Time (s): cpu = 00:00:43 ; elapsed = 00:00:45 . Memory (MB): peak = 3528.844 ; gain = 0.000


71 Infos, 6 Warnings, 0 Critical Warnings and 0 Errors encountered.


place_design completed successfully


place_design: Time (s): cpu = 00:00:44 ; elapsed = 00:00:46 . Memory (MB): peak = 3528.844 ; gain = 0.000


INFO: [Vivado 12-24838] Running report commands "report_control_sets, report_io, report_utilization" in parallel.


Running report generation with 2 threads.


INFO: [Vivado 12-24828] Executing command : report_io -file bd_0_wrapper_io_placed.rpt


report_io: Time (s): cpu = 00:00:00 ; elapsed = 00:00:00.096 . Memory (MB): peak = 3528.844 ; gain = 0.000


INFO: [Vivado 12-24828] Executing command : report_control_sets -verbose -file bd_0_wrapper_control_sets_placed.rpt


report_control_sets: Time (s): cpu = 00:00:00 ; elapsed = 00:00:00.008 . Memory (MB): peak = 3528.844 ; gain = 0.000


INFO: [Vivado 12-24828] Executing command : report_utilization -file bd_0_wrapper_utilization_placed.rpt -pb bd_0_wrapper_utilization_placed.pb


INFO: [Timing 38-480] Writing timing data to binary archive.


Wrote PlaceDB: Time (s): cpu = 00:00:00 ; elapsed = 00:00:00 . Memory (MB): peak = 3528.844 ; gain = 0.000


Wrote PulsedLatchDB: Time (s): cpu = 00:00:00 ; elapsed = 00:00:00 . Memory (MB): peak = 3528.844 ; gain = 0.000


Writing XDEF routing.


Write ShapeDB Complete: Time (s): cpu = 00:00:00 ; elapsed = 00:00:00.005 . Memory (MB): peak = 3528.844 ; gain = 0.000


Writing XDEF routing logical nets.


Writing XDEF routing special nets.


Wrote RouteStorage: Time (s): cpu = 00:00:00 ; elapsed = 00:00:00.073 . Memory (MB): peak = 3528.844 ; gain = 0.000


Wrote PlaceStorage: Time (s): cpu = 00:00:00 ; elapsed = 00:00:00.068 . Memory (MB): peak = 3528.844 ; gain = 0.000


Wrote Netlist Cache: Time (s): cpu = 00:00:00 ; elapsed = 00:00:00.004 . Memory (MB): peak = 3528.844 ; gain = 0.000


Wrote Device Cache: Time (s): cpu = 00:00:00 ; elapsed = 00:00:00.013 . Memory (MB): peak = 3528.844 ; gain = 0.000


Write Physdb Complete: Time (s): cpu = 00:00:00 ; elapsed = 00:00:00.173 . Memory (MB): peak = 3528.844 ; gain = 0.000


INFO: [Common 17-1381] The checkpoint 'Z:/Code/Dev/Ouroboros/build/pipeline/kv260_som/calibration-rv32i/work/hls/impl/verilog/project.runs/impl_1/bd_0_wrapper_placed.dcp' has been generated.


Command: phys_opt_design


Attempting to get a license for feature 'Vivado_Implementation' and/or device 'xck26'


INFO: [Common 17-349] Got license for feature 'Vivado_Implementation' and/or device 'xck26'





Starting Initial Update Timing Task


WARNING: [Timing 38-242] The property HD.CLK_SRC of clock port "ap_clk" is not set. In out-of-context mode, this prevents timing estimation for clock delay/skew


Resolution: Set the HD.CLK_SRC property of the out-of-context port to the location of the clock buffer instance in the top-level design


WARNING: [Timing 38-242] The property HD.CLK_SRC of clock port "ap_ctrl_start" is not set. In out-of-context mode, this prevents timing estimation for clock delay/skew


Resolution: Set the HD.CLK_SRC property of the out-of-context port to the location of the clock buffer instance in the top-level design





Time (s): cpu = 00:00:01 ; elapsed = 00:00:00.514 . Memory (MB): peak = 3528.844 ; gain = 0.000


INFO: [Vivado_Tcl 4-2279] Estimated Timing Summary | WNS= 3.959 | TNS= 0.000 | 


INFO: [Vivado_Tcl 4-383] Design worst setup slack (WNS) is greater than or equal to 0.000 ns. All physical synthesis setup optimizations will be skipped.


INFO: [Vivado_Tcl 4-232] No setup violation found. The netlist was not modified.


INFO: [Common 17-83] Releasing license: Vivado_Implementation


82 Infos, 8 Warnings, 0 Critical Warnings and 0 Errors encountered.


phys_opt_design completed successfully


INFO: [Timing 38-480] Writing timing data to binary archive.


Wrote PlaceDB: Time (s): cpu = 00:00:00 ; elapsed = 00:00:00 . Memory (MB): peak = 3528.844 ; gain = 0.000


Wrote PulsedLatchDB: Time (s): cpu = 00:00:00 ; elapsed = 00:00:00 . Memory (MB): peak = 3528.844 ; gain = 0.000


Writing XDEF routing.


Write ShapeDB Complete: Time (s): cpu = 00:00:00 ; elapsed = 00:00:00.006 . Memory (MB): peak = 3528.844 ; gain = 0.000


Writing XDEF routing logical nets.


Writing XDEF routing special nets.


Wrote RouteStorage: Time (s): cpu = 00:00:00 ; elapsed = 00:00:00.038 . Memory (MB): peak = 3528.844 ; gain = 0.000


Wrote PlaceStorage: Time (s): cpu = 00:00:00 ; elapsed = 00:00:00.069 . Memory (MB): peak = 3528.844 ; gain = 0.000


Wrote Netlist Cache: Time (s): cpu = 00:00:00 ; elapsed = 00:00:00.003 . Memory (MB): peak = 3528.844 ; gain = 0.000


Wrote Device Cache: Time (s): cpu = 00:00:00 ; elapsed = 00:00:00.013 . Memory (MB): peak = 3528.844 ; gain = 0.000


Write Physdb Complete: Time (s): cpu = 00:00:00 ; elapsed = 00:00:00.135 . Memory (MB): peak = 3528.844 ; gain = 0.000


INFO: [Common 17-1381] The checkpoint 'Z:/Code/Dev/Ouroboros/build/pipeline/kv260_som/calibration-rv32i/work/hls/impl/verilog/project.runs/impl_1/bd_0_wrapper_physopt.dcp' has been generated.


Command: route_design


Attempting to get a license for feature 'Vivado_Implementation' and/or device 'xck26'


INFO: [Common 17-349] Got license for feature 'Vivado_Implementation' and/or device 'xck26'








Starting Routing Task


INFO: [Route 35-254] Multithreading enabled for route_design using a maximum of 2 CPUs





Phase 1 Build RT Design


Checksum: PlaceDB: cf044597 ConstDB: 0 ShapeSum: 699590c2 RouteDB: 77d8da5b


Nodegraph reading from file.  Time (s): cpu = 00:00:00 ; elapsed = 00:00:00.486 . Memory (MB): peak = 3528.844 ; gain = 0.000


WARNING: [Route 35-197] Clock port "ap_clk" does not have an associated HD.CLK_SRC. Without this constraint, timing analysis may not be accurate and upstream checks cannot be done to ensure correct clock placement.


WARNING: [Route 35-198] Port "max_cycles[18]" does not have an associated HD.PARTPIN_LOCS, which will prevent the partial routing of the signal "max_cycles[18]". Without this partial route, timing analysis to/from this port will not be accurate, and no routing information for this port can be exported.


WARNING: [Route 35-198] Port "max_cycles[19]" does not have an associated HD.PARTPIN_LOCS, which will prevent the partial routing of the signal "max_cycles[19]". Without this partial route, timing analysis to/from this port will not be accurate, and no routing information for this port can be exported.


WARNING: [Route 35-198] Port "max_cycles[16]" does not have an associated HD.PARTPIN_LOCS, which will prevent the partial routing of the signal "max_cycles[16]". Without this partial route, timing analysis to/from this port will not be accurate, and no routing information for this port can be exported.


WARNING: [Route 35-198] Port "max_cycles[17]" does not have an associated HD.PARTPIN_LOCS, which will prevent the partial routing of the signal "max_cycles[17]". Without this partial route, timing analysis to/from this port will not be accurate, and no routing information for this port can be exported.


WARNING: [Route 35-198] Port "max_cycles[30]" does not have an associated HD.PARTPIN_LOCS, which will prevent the partial routing of the signal "max_cycles[30]". Without this partial route, timing analysis to/from this port will not be accurate, and no routing information for this port can be exported.


WARNING: [Route 35-198] Port "max_cycles[31]" does not have an associated HD.PARTPIN_LOCS, which will prevent the partial routing of the signal "max_cycles[31]". Without this partial route, timing analysis to/from this port will not be accurate, and no routing information for this port can be exported.


WARNING: [Route 35-198] Port "max_cycles[28]" does not have an associated HD.PARTPIN_LOCS, which will prevent the partial routing of the signal "max_cycles[28]". Without this partial route, timing analysis to/from this port will not be accurate, and no routing information for this port can be exported.


WARNING: [Route 35-198] Port "max_cycles[29]" does not have an associated HD.PARTPIN_LOCS, which will prevent the partial routing of the signal "max_cycles[29]". Without this partial route, timing analysis to/from this port will not be accurate, and no routing information for this port can be exported.


WARNING: [Route 35-198] Port "max_cycles[26]" does not have an associated HD.PARTPIN_LOCS, which will prevent the partial routing of the signal "max_cycles[26]". Without this partial route, timing analysis to/from this port will not be accurate, and no routing information for this port can be exported.


WARNING: [Route 35-198] Port "max_cycles[27]" does not have an associated HD.PARTPIN_LOCS, which will prevent the partial routing of the signal "max_cycles[27]". Without this partial route, timing analysis to/from this port will not be accurate, and no routing information for this port can be exported.


WARNING: [Route 35-198] Port "max_cycles[24]" does not have an associated HD.PARTPIN_LOCS, which will prevent the partial routing of the signal "max_cycles[24]". Without this partial route, timing analysis to/from this port will not be accurate, and no routing information for this port can be exported.


WARNING: [Route 35-198] Port "max_cycles[25]" does not have an associated HD.PARTPIN_LOCS, which will prevent the partial routing of the signal "max_cycles[25]". Without this partial route, timing analysis to/from this port will not be accurate, and no routing information for this port can be exported.


WARNING: [Route 35-198] Port "max_cycles[22]" does not have an associated HD.PARTPIN_LOCS, which will prevent the partial routing of the signal "max_cycles[22]". Without this partial route, timing analysis to/from this port will not be accurate, and no routing information for this port can be exported.


WARNING: [Route 35-198] Port "max_cycles[23]" does not have an associated HD.PARTPIN_LOCS, which will prevent the partial routing of the signal "max_cycles[23]". Without this partial route, timing analysis to/from this port will not be accurate, and no routing information for this port can be exported.


WARNING: [Route 35-198] Port "max_cycles[20]" does not have an associated HD.PARTPIN_LOCS, which will prevent the partial routing of the signal "max_cycles[20]". Without this partial route, timing analysis to/from this port will not be accurate, and no routing information for this port can be exported.


WARNING: [Route 35-198] Port "max_cycles[21]" does not have an associated HD.PARTPIN_LOCS, which will prevent the partial routing of the signal "max_cycles[21]". Without this partial route, timing analysis to/from this port will not be accurate, and no routing information for this port can be exported.


WARNING: [Route 35-198] Port "max_cycles[14]" does not have an associated HD.PARTPIN_LOCS, which will prevent the partial routing of the signal "max_cycles[14]". Without this partial route, timing analysis to/from this port will not be accurate, and no routing information for this port can be exported.


WARNING: [Route 35-198] Port "max_cycles[15]" does not have an associated HD.PARTPIN_LOCS, which will prevent the partial routing of the signal "max_cycles[15]". Without this partial route, timing analysis to/from this port will not be accurate, and no routing information for this port can be exported.


WARNING: [Route 35-198] Port "max_cycles[12]" does not have an associated HD.PARTPIN_LOCS, which will prevent the partial routing of the signal "max_cycles[12]". Without this partial route, timing analysis to/from this port will not be accurate, and no routing information for this port can be exported.


WARNING: [Route 35-198] Port "max_cycles[13]" does not have an associated HD.PARTPIN_LOCS, which will prevent the partial routing of the signal "max_cycles[13]". Without this partial route, timing analysis to/from this port will not be accurate, and no routing information for this port can be exported.


WARNING: [Route 35-198] Port "max_cycles[10]" does not have an associated HD.PARTPIN_LOCS, which will prevent the partial routing of the signal "max_cycles[10]". Without this partial route, timing analysis to/from this port will not be accurate, and no routing information for this port can be exported.


WARNING: [Route 35-198] Port "max_cycles[11]" does not have an associated HD.PARTPIN_LOCS, which will prevent the partial routing of the signal "max_cycles[11]". Without this partial route, timing analysis to/from this port will not be accurate, and no routing information for this port can be exported.


WARNING: [Route 35-198] Port "max_cycles[8]" does not have an associated HD.PARTPIN_LOCS, which will prevent the partial routing of the signal "max_cycles[8]". Without this partial route, timing analysis to/from this port will not be accurate, and no routing information for this port can be exported.


WARNING: [Route 35-198] Port "max_cycles[9]" does not have an associated HD.PARTPIN_LOCS, which will prevent the partial routing of the signal "max_cycles[9]". Without this partial route, timing analysis to/from this port will not be accurate, and no routing information for this port can be exported.


WARNING: [Route 35-198] Port "max_cycles[6]" does not have an associated HD.PARTPIN_LOCS, which will prevent the partial routing of the signal "max_cycles[6]". Without this partial route, timing analysis to/from this port will not be accurate, and no routing information for this port can be exported.


WARNING: [Route 35-198] Port "max_cycles[7]" does not have an associated HD.PARTPIN_LOCS, which will prevent the partial routing of the signal "max_cycles[7]". Without this partial route, timing analysis to/from this port will not be accurate, and no routing information for this port can be exported.


WARNING: [Route 35-198] Port "max_cycles[4]" does not have an associated HD.PARTPIN_LOCS, which will prevent the partial routing of the signal "max_cycles[4]". Without this partial route, timing analysis to/from this port will not be accurate, and no routing information for this port can be exported.


WARNING: [Route 35-198] Port "max_cycles[5]" does not have an associated HD.PARTPIN_LOCS, which will prevent the partial routing of the signal "max_cycles[5]". Without this partial route, timing analysis to/from this port will not be accurate, and no routing information for this port can be exported.


WARNING: [Route 35-198] Port "max_cycles[2]" does not have an associated HD.PARTPIN_LOCS, which will prevent the partial routing of the signal "max_cycles[2]". Without this partial route, timing analysis to/from this port will not be accurate, and no routing information for this port can be exported.


WARNING: [Route 35-198] Port "max_cycles[3]" does not have an associated HD.PARTPIN_LOCS, which will prevent the partial routing of the signal "max_cycles[3]". Without this partial route, timing analysis to/from this port will not be accurate, and no routing information for this port can be exported.


WARNING: [Route 35-198] Port "max_cycles[0]" does not have an associated HD.PARTPIN_LOCS, which will prevent the partial routing of the signal "max_cycles[0]". Without this partial route, timing analysis to/from this port will not be accurate, and no routing information for this port can be exported.


WARNING: [Route 35-198] Port "max_cycles[1]" does not have an associated HD.PARTPIN_LOCS, which will prevent the partial routing of the signal "max_cycles[1]". Without this partial route, timing analysis to/from this port will not be accurate, and no routing information for this port can be exported.


WARNING: [Route 35-198] Port "imem_q0[16]" does not have an associated HD.PARTPIN_LOCS, which will prevent the partial routing of the signal "imem_q0[16]". Without this partial route, timing analysis to/from this port will not be accurate, and no routing information for this port can be exported.


WARNING: [Route 35-198] Port "imem_q0[21]" does not have an associated HD.PARTPIN_LOCS, which will prevent the partial routing of the signal "imem_q0[21]". Without this partial route, timing analysis to/from this port will not be accurate, and no routing information for this port can be exported.


WARNING: [Route 35-198] Port "imem_q0[23]" does not have an associated HD.PARTPIN_LOCS, which will prevent the partial routing of the signal "imem_q0[23]". Without this partial route, timing analysis to/from this port will not be accurate, and no routing information for this port can be exported.


WARNING: [Route 35-198] Port "imem_q0[24]" does not have an associated HD.PARTPIN_LOCS, which will prevent the partial routing of the signal "imem_q0[24]". Without this partial route, timing analysis to/from this port will not be accurate, and no routing information for this port can be exported.


WARNING: [Route 35-198] Port "imem_q0[17]" does not have an associated HD.PARTPIN_LOCS, which will prevent the partial routing of the signal "imem_q0[17]". Without this partial route, timing analysis to/from this port will not be accurate, and no routing information for this port can be exported.


WARNING: [Route 35-198] Port "imem_q0[15]" does not have an associated HD.PARTPIN_LOCS, which will prevent the partial routing of the signal "imem_q0[15]". Without this partial route, timing analysis to/from this port will not be accurate, and no routing information for this port can be exported.


WARNING: [Route 35-198] Port "dmem2_q1[1]" does not have an associated HD.PARTPIN_LOCS, which will prevent the partial routing of the signal "dmem2_q1[1]". Without this partial route, timing analysis to/from this port will not be accurate, and no routing information for this port can be exported.


WARNING: [Route 35-198] Port "dmem2_q1[6]" does not have an associated HD.PARTPIN_LOCS, which will prevent the partial routing of the signal "dmem2_q1[6]". Without this partial route, timing analysis to/from this port will not be accurate, and no routing information for this port can be exported.


WARNING: [Route 35-198] Port "dmem2_q1[2]" does not have an associated HD.PARTPIN_LOCS, which will prevent the partial routing of the signal "dmem2_q1[2]". Without this partial route, timing analysis to/from this port will not be accurate, and no routing information for this port can be exported.


WARNING: [Route 35-198] Port "dmem3_q1[4]" does not have an associated HD.PARTPIN_LOCS, which will prevent the partial routing of the signal "dmem3_q1[4]". Without this partial route, timing analysis to/from this port will not be accurate, and no routing information for this port can be exported.


WARNING: [Route 35-198] Port "dmem3_q1[3]" does not have an associated HD.PARTPIN_LOCS, which will prevent the partial routing of the signal "dmem3_q1[3]". Without this partial route, timing analysis to/from this port will not be accurate, and no routing information for this port can be exported.


WARNING: [Route 35-198] Port "dmem3_q1[7]" does not have an associated HD.PARTPIN_LOCS, which will prevent the partial routing of the signal "dmem3_q1[7]". Without this partial route, timing analysis to/from this port will not be accurate, and no routing information for this port can be exported.


WARNING: [Route 35-198] Port "imem_q0[19]" does not have an associated HD.PARTPIN_LOCS, which will prevent the partial routing of the signal "imem_q0[19]". Without this partial route, timing analysis to/from this port will not be accurate, and no routing information for this port can be exported.


WARNING: [Route 35-198] Port "ap_ctrl_start" does not have an associated HD.PARTPIN_LOCS, which will prevent the partial routing of the signal "ap_ctrl_start". Without this partial route, timing analysis to/from this port will not be accurate, and no routing information for this port can be exported.


WARNING: [Route 35-198] Port "ap_rst" does not have an associated HD.PARTPIN_LOCS, which will prevent the partial routing of the signal "ap_rst". Without this partial route, timing analysis to/from this port will not be accurate, and no routing information for this port can be exported.


WARNING: [Route 35-198] Port "dmem2_q1[5]" does not have an associated HD.PARTPIN_LOCS, which will prevent the partial routing of the signal "dmem2_q1[5]". Without this partial route, timing analysis to/from this port will not be accurate, and no routing information for this port can be exported.


WARNING: [Route 35-198] Port "dmem3_q1[0]" does not have an associated HD.PARTPIN_LOCS, which will prevent the partial routing of the signal "dmem3_q1[0]". Without this partial route, timing analysis to/from this port will not be accurate, and no routing information for this port can be exported.


WARNING: [Route 35-198] Port "dmem3_q1[6]" does not have an associated HD.PARTPIN_LOCS, which will prevent the partial routing of the signal "dmem3_q1[6]". Without this partial route, timing analysis to/from this port will not be accurate, and no routing information for this port can be exported.


WARNING: [Route 35-198] Port "dmem3_q1[2]" does not have an associated HD.PARTPIN_LOCS, which will prevent the partial routing of the signal "dmem3_q1[2]". Without this partial route, timing analysis to/from this port will not be accurate, and no routing information for this port can be exported.


WARNING: [Route 35-198] Port "dmem2_q1[3]" does not have an associated HD.PARTPIN_LOCS, which will prevent the partial routing of the signal "dmem2_q1[3]". Without this partial route, timing analysis to/from this port will not be accurate, and no routing information for this port can be exported.


WARNING: [Route 35-198] Port "dmem3_q1[5]" does not have an associated HD.PARTPIN_LOCS, which will prevent the partial routing of the signal "dmem3_q1[5]". Without this partial route, timing analysis to/from this port will not be accurate, and no routing information for this port can be exported.


WARNING: [Route 35-198] Port "dmem2_q1[7]" does not have an associated HD.PARTPIN_LOCS, which will prevent the partial routing of the signal "dmem2_q1[7]". Without this partial route, timing analysis to/from this port will not be accurate, and no routing information for this port can be exported.


WARNING: [Route 35-198] Port "imem_q0[31]" does not have an associated HD.PARTPIN_LOCS, which will prevent the partial routing of the signal "imem_q0[31]". Without this partial route, timing analysis to/from this port will not be accurate, and no routing information for this port can be exported.


WARNING: [Route 35-198] Port "dmem2_q1[0]" does not have an associated HD.PARTPIN_LOCS, which will prevent the partial routing of the signal "dmem2_q1[0]". Without this partial route, timing analysis to/from this port will not be accurate, and no routing information for this port can be exported.


WARNING: [Route 35-198] Port "imem_q0[29]" does not have an associated HD.PARTPIN_LOCS, which will prevent the partial routing of the signal "imem_q0[29]". Without this partial route, timing analysis to/from this port will not be accurate, and no routing information for this port can be exported.


WARNING: [Route 35-198] Port "imem_q0[26]" does not have an associated HD.PARTPIN_LOCS, which will prevent the partial routing of the signal "imem_q0[26]". Without this partial route, timing analysis to/from this port will not be accurate, and no routing information for this port can be exported.


WARNING: [Route 35-198] Port "dmem3_q1[1]" does not have an associated HD.PARTPIN_LOCS, which will prevent the partial routing of the signal "dmem3_q1[1]". Without this partial route, timing analysis to/from this port will not be accurate, and no routing information for this port can be exported.


WARNING: [Route 35-198] Port "imem_q0[13]" does not have an associated HD.PARTPIN_LOCS, which will prevent the partial routing of the signal "imem_q0[13]". Without this partial route, timing analysis to/from this port will not be accurate, and no routing information for this port can be exported.


WARNING: [Route 35-198] Port "imem_q0[12]" does not have an associated HD.PARTPIN_LOCS, which will prevent the partial routing of the signal "imem_q0[12]". Without this partial route, timing analysis to/from this port will not be accurate, and no routing information for this port can be exported.


WARNING: [Route 35-198] Port "imem_q0[28]" does not have an associated HD.PARTPIN_LOCS, which will prevent the partial routing of the signal "imem_q0[28]". Without this partial route, timing analysis to/from this port will not be accurate, and no routing information for this port can be exported.


WARNING: [Route 35-198] Port "imem_q0[27]" does not have an associated HD.PARTPIN_LOCS, which will prevent the partial routing of the signal "imem_q0[27]". Without this partial route, timing analysis to/from this port will not be accurate, and no routing information for this port can be exported.


WARNING: [Route 35-198] Port "dmem1_q1[7]" does not have an associated HD.PARTPIN_LOCS, which will prevent the partial routing of the signal "dmem1_q1[7]". Without this partial route, timing analysis to/from this port will not be accurate, and no routing information for this port can be exported.


WARNING: [Route 35-198] Port "imem_q0[25]" does not have an associated HD.PARTPIN_LOCS, which will prevent the partial routing of the signal "imem_q0[25]". Without this partial route, timing analysis to/from this port will not be accurate, and no routing information for this port can be exported.


WARNING: [Route 35-198] Port "imem_q0[30]" does not have an associated HD.PARTPIN_LOCS, which will prevent the partial routing of the signal "imem_q0[30]". Without this partial route, timing analysis to/from this port will not be accurate, and no routing information for this port can be exported.


WARNING: [Route 35-198] Port "dmem1_q1[5]" does not have an associated HD.PARTPIN_LOCS, which will prevent the partial routing of the signal "dmem1_q1[5]". Without this partial route, timing analysis to/from this port will not be accurate, and no routing information for this port can be exported.


WARNING: [Route 35-198] Port "imem_q0[3]" does not have an associated HD.PARTPIN_LOCS, which will prevent the partial routing of the signal "imem_q0[3]". Without this partial route, timing analysis to/from this port will not be accurate, and no routing information for this port can be exported.


WARNING: [Route 35-198] Port "dmem2_q1[4]" does not have an associated HD.PARTPIN_LOCS, which will prevent the partial routing of the signal "dmem2_q1[4]". Without this partial route, timing analysis to/from this port will not be accurate, and no routing information for this port can be exported.


WARNING: [Route 35-198] Port "dmem0_q1[7]" does not have an associated HD.PARTPIN_LOCS, which will prevent the partial routing of the signal "dmem0_q1[7]". Without this partial route, timing analysis to/from this port will not be accurate, and no routing information for this port can be exported.


WARNING: [Route 35-198] Port "dmem0_q1[6]" does not have an associated HD.PARTPIN_LOCS, which will prevent the partial routing of the signal "dmem0_q1[6]". Without this partial route, timing analysis to/from this port will not be accurate, and no routing information for this port can be exported.


WARNING: [Route 35-198] Port "dmem1_q1[6]" does not have an associated HD.PARTPIN_LOCS, which will prevent the partial routing of the signal "dmem1_q1[6]". Without this partial route, timing analysis to/from this port will not be accurate, and no routing information for this port can be exported.


WARNING: [Route 35-198] Port "imem_q0[20]" does not have an associated HD.PARTPIN_LOCS, which will prevent the partial routing of the signal "imem_q0[20]". Without this partial route, timing analysis to/from this port will not be accurate, and no routing information for this port can be exported.


WARNING: [Route 35-198] Port "imem_q0[2]" does not have an associated HD.PARTPIN_LOCS, which will prevent the partial routing of the signal "imem_q0[2]". Without this partial route, timing analysis to/from this port will not be accurate, and no routing information for this port can be exported.


WARNING: [Route 35-198] Port "imem_q0[1]" does not have an associated HD.PARTPIN_LOCS, which will prevent the partial routing of the signal "imem_q0[1]". Without this partial route, timing analysis to/from this port will not be accurate, and no routing information for this port can be exported.


WARNING: [Route 35-198] Port "dmem1_q1[3]" does not have an associated HD.PARTPIN_LOCS, which will prevent the partial routing of the signal "dmem1_q1[3]". Without this partial route, timing analysis to/from this port will not be accurate, and no routing information for this port can be exported.


WARNING: [Route 35-198] Port "dmem0_q1[5]" does not have an associated HD.PARTPIN_LOCS, which will prevent the partial routing of the signal "dmem0_q1[5]". Without this partial route, timing analysis to/from this port will not be accurate, and no routing information for this port can be exported.


WARNING: [Route 35-198] Port "imem_q0[14]" does not have an associated HD.PARTPIN_LOCS, which will prevent the partial routing of the signal "imem_q0[14]". Without this partial route, timing analysis to/from this port will not be accurate, and no routing information for this port can be exported.


WARNING: [Route 35-198] Port "imem_q0[10]" does not have an associated HD.PARTPIN_LOCS, which will prevent the partial routing of the signal "imem_q0[10]". Without this partial route, timing analysis to/from this port will not be accurate, and no routing information for this port can be exported.


WARNING: [Route 35-198] Port "imem_q0[11]" does not have an associated HD.PARTPIN_LOCS, which will prevent the partial routing of the signal "imem_q0[11]". Without this partial route, timing analysis to/from this port will not be accurate, and no routing information for this port can be exported.


WARNING: [Route 35-198] Port "imem_q0[7]" does not have an associated HD.PARTPIN_LOCS, which will prevent the partial routing of the signal "imem_q0[7]". Without this partial route, timing analysis to/from this port will not be accurate, and no routing information for this port can be exported.


WARNING: [Route 35-198] Port "imem_q0[8]" does not have an associated HD.PARTPIN_LOCS, which will prevent the partial routing of the signal "imem_q0[8]". Without this partial route, timing analysis to/from this port will not be accurate, and no routing information for this port can be exported.


WARNING: [Route 35-198] Port "imem_q0[9]" does not have an associated HD.PARTPIN_LOCS, which will prevent the partial routing of the signal "imem_q0[9]". Without this partial route, timing analysis to/from this port will not be accurate, and no routing information for this port can be exported.


WARNING: [Route 35-198] Port "imem_q0[0]" does not have an associated HD.PARTPIN_LOCS, which will prevent the partial routing of the signal "imem_q0[0]". Without this partial route, timing analysis to/from this port will not be accurate, and no routing information for this port can be exported.


WARNING: [Route 35-198] Port "imem_q0[4]" does not have an associated HD.PARTPIN_LOCS, which will prevent the partial routing of the signal "imem_q0[4]". Without this partial route, timing analysis to/from this port will not be accurate, and no routing information for this port can be exported.


WARNING: [Route 35-198] Port "imem_q0[5]" does not have an associated HD.PARTPIN_LOCS, which will prevent the partial routing of the signal "imem_q0[5]". Without this partial route, timing analysis to/from this port will not be accurate, and no routing information for this port can be exported.


WARNING: [Route 35-198] Port "imem_q0[6]" does not have an associated HD.PARTPIN_LOCS, which will prevent the partial routing of the signal "imem_q0[6]". Without this partial route, timing analysis to/from this port will not be accurate, and no routing information for this port can be exported.


WARNING: [Route 35-198] Port "dmem1_q1[0]" does not have an associated HD.PARTPIN_LOCS, which will prevent the partial routing of the signal "dmem1_q1[0]". Without this partial route, timing analysis to/from this port will not be accurate, and no routing information for this port can be exported.


WARNING: [Route 35-198] Port "dmem1_q1[2]" does not have an associated HD.PARTPIN_LOCS, which will prevent the partial routing of the signal "dmem1_q1[2]". Without this partial route, timing analysis to/from this port will not be accurate, and no routing information for this port can be exported.


WARNING: [Route 35-198] Port "dmem1_q1[1]" does not have an associated HD.PARTPIN_LOCS, which will prevent the partial routing of the signal "dmem1_q1[1]". Without this partial route, timing analysis to/from this port will not be accurate, and no routing information for this port can be exported.


WARNING: [Route 35-198] Port "dmem1_q1[4]" does not have an associated HD.PARTPIN_LOCS, which will prevent the partial routing of the signal "dmem1_q1[4]". Without this partial route, timing analysis to/from this port will not be accurate, and no routing information for this port can be exported.


WARNING: [Route 35-198] Port "dmem0_q1[0]" does not have an associated HD.PARTPIN_LOCS, which will prevent the partial routing of the signal "dmem0_q1[0]". Without this partial route, timing analysis to/from this port will not be accurate, and no routing information for this port can be exported.


WARNING: [Route 35-198] Port "dmem0_q1[2]" does not have an associated HD.PARTPIN_LOCS, which will prevent the partial routing of the signal "dmem0_q1[2]". Without this partial route, timing analysis to/from this port will not be accurate, and no routing information for this port can be exported.


WARNING: [Route 35-198] Port "dmem0_q1[1]" does not have an associated HD.PARTPIN_LOCS, which will prevent the partial routing of the signal "dmem0_q1[1]". Without this partial route, timing analysis to/from this port will not be accurate, and no routing information for this port can be exported.


WARNING: [Route 35-198] Port "dmem0_q1[3]" does not have an associated HD.PARTPIN_LOCS, which will prevent the partial routing of the signal "dmem0_q1[3]". Without this partial route, timing analysis to/from this port will not be accurate, and no routing information for this port can be exported.


WARNING: [Route 35-198] Port "dmem0_q1[4]" does not have an associated HD.PARTPIN_LOCS, which will prevent the partial routing of the signal "dmem0_q1[4]". Without this partial route, timing analysis to/from this port will not be accurate, and no routing information for this port can be exported.


WARNING: [Route 35-198] Port "imem_q0[18]" does not have an associated HD.PARTPIN_LOCS, which will prevent the partial routing of the signal "imem_q0[18]". Without this partial route, timing analysis to/from this port will not be accurate, and no routing information for this port can be exported.


WARNING: [Route 35-198] Port "imem_q0[22]" does not have an associated HD.PARTPIN_LOCS, which will prevent the partial routing of the signal "imem_q0[22]". Without this partial route, timing analysis to/from this port will not be accurate, and no routing information for this port can be exported.


Post Restoration Checksum: NetGraph: fbb839f7 | NumContArr: 1f56ec4c | Constraints: d44976ba | Timing: c2a8fa9d


Phase 1 Build RT Design | Checksum: 2b201979a





Time (s): cpu = 00:00:02 ; elapsed = 00:00:03 . Memory (MB): peak = 3528.844 ; gain = 0.000





Phase 2 Router Initialization





Phase 2.1 Fix Topology Constraints


Phase 2.1 Fix Topology Constraints | Checksum: 2b201979a





Time (s): cpu = 00:00:02 ; elapsed = 00:00:03 . Memory (MB): peak = 3528.844 ; gain = 0.000





Phase 2.2 Pre Route Cleanup


Phase 2.2 Pre Route Cleanup | Checksum: 2b201979a





Time (s): cpu = 00:00:02 ; elapsed = 00:00:03 . Memory (MB): peak = 3528.844 ; gain = 0.000





Phase 2.3 Global Clock Net Routing


 Number of Nodes with overlaps = 0


Phase 2.3 Global Clock Net Routing | Checksum: 2f0681558





Time (s): cpu = 00:00:03 ; elapsed = 00:00:03 . Memory (MB): peak = 3531.715 ; gain = 2.871





Phase 2.4 Update Timing


Phase 2.4 Update Timing | Checksum: 28cd2d888





Time (s): cpu = 00:00:03 ; elapsed = 00:00:03 . Memory (MB): peak = 3531.715 ; gain = 2.871


INFO: [Route 35-416] Intermediate Timing Summary | WNS=4.445  | TNS=0.000  | WHS=0.077  | THS=0.000  |








Phase 2.5 Soft Constraint Pins - Fast Budgeting


Phase 2.5 Soft Constraint Pins - Fast Budgeting | Checksum: 2c64fb47e





Time (s): cpu = 00:00:03 ; elapsed = 00:00:04 . Memory (MB): peak = 3540.160 ; gain = 11.316





Router Utilization Summary


  Global Vertical Routing Utilization    = 4.57303e-05 %


  Global Horizontal Routing Utilization  = 0 %


  Routable Net Status*


  *Does not include unroutable nets such as driverless and loadless.


  Run report_route_status for detailed report.


  Number of Failed Nets               = 3013


    (Failed Nets is the sum of unrouted and partially routed nets)


  Number of Unrouted Nets             = 2207


  Number of Partially Routed Nets     = 806


  Number of Node Overlaps             = 2





Phase 2 Router Initialization | Checksum: 2c64fb47e





Time (s): cpu = 00:00:03 ; elapsed = 00:00:04 . Memory (MB): peak = 3540.160 ; gain = 11.316





Phase 3 Global Routing


Phase 3 Global Routing | Checksum: 2c64fb47e





Time (s): cpu = 00:00:03 ; elapsed = 00:00:04 . Memory (MB): peak = 3540.160 ; gain = 11.316





Phase 4 Initial Routing





Phase 4.1 Initial Net Routing Pass


Phase 4.1 Initial Net Routing Pass | Checksum: 212ec7240





Time (s): cpu = 00:00:04 ; elapsed = 00:00:05 . Memory (MB): peak = 3540.160 ; gain = 11.316


Phase 4 Initial Routing | Checksum: 1e69e2aa6





Time (s): cpu = 00:00:04 ; elapsed = 00:00:05 . Memory (MB): peak = 3540.160 ; gain = 11.316





Phase 5 Rip-up And Reroute





Phase 5.1 Global Iteration 0


 Number of Nodes with overlaps = 774


 Number of Nodes with overlaps = 35


 Number of Nodes with overlaps = 6


 Number of Nodes with overlaps = 2


 Number of Nodes with overlaps = 1


 Number of Nodes with overlaps = 1


 Number of Nodes with overlaps = 1


 Number of Nodes with overlaps = 1


 Number of Nodes with overlaps = 1


 Number of Nodes with overlaps = 1


 Number of Nodes with overlaps = 1


 Number of Nodes with overlaps = 0


INFO: [Route 35-416] Intermediate Timing Summary | WNS=3.483  | TNS=0.000  | WHS=0.091  | THS=0.000  |





Phase 5.1 Global Iteration 0 | Checksum: 21a691f0e





Time (s): cpu = 00:00:11 ; elapsed = 00:00:14 . Memory (MB): peak = 3540.160 ; gain = 11.316





Phase 5.2 Additional Iteration for Hold


Phase 5.2 Additional Iteration for Hold | Checksum: 25be8daae





Time (s): cpu = 00:00:11 ; elapsed = 00:00:14 . Memory (MB): peak = 3540.160 ; gain = 11.316


Phase 5 Rip-up And Reroute | Checksum: 25be8daae





Time (s): cpu = 00:00:11 ; elapsed = 00:00:14 . Memory (MB): peak = 3540.160 ; gain = 11.316





Phase 6 Delay and Skew Optimization





Phase 6.1 Delay CleanUp


Phase 6.1 Delay CleanUp | Checksum: 25be8daae





Time (s): cpu = 00:00:11 ; elapsed = 00:00:14 . Memory (MB): peak = 3540.160 ; gain = 11.316





Phase 6.2 Clock Skew Optimization


Phase 6.2 Clock Skew Optimization | Checksum: 25be8daae





Time (s): cpu = 00:00:11 ; elapsed = 00:00:14 . Memory (MB): peak = 3540.160 ; gain = 11.316


Phase 6 Delay and Skew Optimization | Checksum: 25be8daae





Time (s): cpu = 00:00:11 ; elapsed = 00:00:14 . Memory (MB): peak = 3540.160 ; gain = 11.316





Phase 7 Post Hold Fix





Phase 7.1 Hold Fix Iter


INFO: [Route 35-416] Intermediate Timing Summary | WNS=3.483  | TNS=0.000  | WHS=0.091  | THS=0.000  |





Phase 7.1 Hold Fix Iter | Checksum: 25be8daae





Time (s): cpu = 00:00:11 ; elapsed = 00:00:15 . Memory (MB): peak = 3540.160 ; gain = 11.316


Phase 7 Post Hold Fix | Checksum: 25be8daae





Time (s): cpu = 00:00:11 ; elapsed = 00:00:15 . Memory (MB): peak = 3540.160 ; gain = 11.316





Phase 8 Leaf Clock Prog Delay Opt


Phase 8 Leaf Clock Prog Delay Opt | Checksum: 25be8daae





Time (s): cpu = 00:00:11 ; elapsed = 00:00:15 . Memory (MB): peak = 3540.160 ; gain = 11.316





Phase 9 Route finalize





Router Utilization Summary


  Global Vertical Routing Utilization    = 0.410658 %


  Global Horizontal Routing Utilization  = 0.453812 %


  Routable Net Status*


  *Does not include unroutable nets such as driverless and loadless.


  Run report_route_status for detailed report.


  Number of Failed Nets               = 0


    (Failed Nets is the sum of unrouted and partially routed nets)


  Number of Unrouted Nets             = 0


  Number of Partially Routed Nets     = 0


  Number of Node Overlaps             = 0





Phase 9 Route finalize | Checksum: 25be8daae





Time (s): cpu = 00:00:11 ; elapsed = 00:00:15 . Memory (MB): peak = 3540.160 ; gain = 11.316





Phase 10 Verifying routed nets





 Verification completed successfully


Phase 10 Verifying routed nets | Checksum: 25be8daae





Time (s): cpu = 00:00:11 ; elapsed = 00:00:15 . Memory (MB): peak = 3540.160 ; gain = 11.316





Phase 11 Depositing Routes


Phase 11 Depositing Routes | Checksum: 25be8daae





Time (s): cpu = 00:00:11 ; elapsed = 00:00:15 . Memory (MB): peak = 3540.160 ; gain = 11.316





Phase 12 Resolve XTalk


Phase 12 Resolve XTalk | Checksum: 25be8daae





Time (s): cpu = 00:00:11 ; elapsed = 00:00:15 . Memory (MB): peak = 3540.160 ; gain = 11.316





Phase 13 Post Process Routing


Phase 13 Post Process Routing | Checksum: 25be8daae





Time (s): cpu = 00:00:11 ; elapsed = 00:00:15 . Memory (MB): peak = 3540.160 ; gain = 11.316





Phase 14 Post Router Timing


INFO: [Route 35-57] Estimated Timing Summary | WNS=3.483  | TNS=0.000  | WHS=0.091  | THS=0.000  |





INFO: [Route 35-327] The final timing numbers are based on the router estimated timing analysis. For a complete and accurate timing signoff, please run report_timing_summary.


Phase 14 Post Router Timing | Checksum: 25be8daae





Time (s): cpu = 00:00:11 ; elapsed = 00:00:15 . Memory (MB): peak = 3540.160 ; gain = 11.316


Total Elapsed time in route_design: 15.322 secs





Phase 15 Post-Route Event Processing


Phase 15 Post-Route Event Processing | Checksum: 1e28ed4bb





Time (s): cpu = 00:00:11 ; elapsed = 00:00:15 . Memory (MB): peak = 3540.160 ; gain = 11.316


INFO: [Route 35-16] Router Completed Successfully


Ending Routing Task | Checksum: 1e28ed4bb





Time (s): cpu = 00:00:11 ; elapsed = 00:00:15 . Memory (MB): peak = 3540.160 ; gain = 11.316





Routing Is Done.


INFO: [Common 17-83] Releasing license: Vivado_Implementation


93 Infos, 107 Warnings, 0 Critical Warnings and 0 Errors encountered.


route_design completed successfully


route_design: Time (s): cpu = 00:00:11 ; elapsed = 00:00:15 . Memory (MB): peak = 3540.160 ; gain = 11.316


INFO: [Vivado 12-24828] Executing command : report_drc -file bd_0_wrapper_drc_routed.rpt -pb bd_0_wrapper_drc_routed.pb -rpx bd_0_wrapper_drc_routed.rpx


Command: report_drc -file bd_0_wrapper_drc_routed.rpt -pb bd_0_wrapper_drc_routed.pb -rpx bd_0_wrapper_drc_routed.rpx


INFO: [IP_Flow 19-1839] IP Catalog is up to date.


WARNING: [Timing 38-242] The property HD.CLK_SRC of clock port "ap_clk" is not set. In out-of-context mode, this prevents timing estimation for clock delay/skew


Resolution: Set the HD.CLK_SRC property of the out-of-context port to the location of the clock buffer instance in the top-level design


WARNING: [Timing 38-242] The property HD.CLK_SRC of clock port "ap_ctrl_start" is not set. In out-of-context mode, this prevents timing estimation for clock delay/skew


Resolution: Set the HD.CLK_SRC property of the out-of-context port to the location of the clock buffer instance in the top-level design


INFO: [DRC 23-27] Running DRC with 2 threads


WARNING: [DRC 23-814] Not all possible (connectivity based) DRCs may have been run because this design is seen as Out of Context.


INFO: [Vivado_Tcl 2-168] The results of DRC are in file Z:/Code/Dev/Ouroboros/build/pipeline/kv260_som/calibration-rv32i/work/hls/impl/verilog/project.runs/impl_1/bd_0_wrapper_drc_routed.rpt.


report_drc completed successfully


INFO: [Vivado 12-24828] Executing command : report_methodology -file bd_0_wrapper_methodology_drc_routed.rpt -pb bd_0_wrapper_methodology_drc_routed.pb -rpx bd_0_wrapper_methodology_drc_routed.rpx


Command: report_methodology -file bd_0_wrapper_methodology_drc_routed.rpt -pb bd_0_wrapper_methodology_drc_routed.pb -rpx bd_0_wrapper_methodology_drc_routed.rpx


INFO: [Timing 38-35] Done setting XDC timing constraints.


INFO: [DRC 23-133] Running Methodology with 2 threads


WARNING: [DRC 23-814] Not all possible (connectivity based) DRCs may have been run because this design is seen as Out of Context.


INFO: [Vivado_Tcl 2-1520] The results of Report Methodology are in file Z:/Code/Dev/Ouroboros/build/pipeline/kv260_som/calibration-rv32i/work/hls/impl/verilog/project.runs/impl_1/bd_0_wrapper_methodology_drc_routed.rpt.


report_methodology completed successfully


INFO: [Vivado 12-24828] Executing command : report_timing_summary -max_paths 10 -routable_nets -report_unconstrained -file bd_0_wrapper_timing_summary_routed.rpt -pb bd_0_wrapper_timing_summary_routed.pb -rpx bd_0_wrapper_timing_summary_routed.rpx -warn_on_violation 


INFO: [Timing 38-35] Done setting XDC timing constraints.


INFO: [Timing 38-91] UpdateTimingParams: Speed grade: -2LV, Temperature grade: C, Delay Type: min_max.


INFO: [Timing 38-191] Multithreading enabled for timing update using a maximum of 2 CPUs


INFO: [Vivado 12-24838] Running report commands "report_incremental_reuse, report_route_status" in parallel.


Running report generation with 2 threads.


INFO: [Vivado 12-24828] Executing command : report_incremental_reuse -file bd_0_wrapper_incremental_reuse_routed.rpt


INFO: [Vivado_Tcl 4-1062] Incremental flow is disabled. No incremental reuse Info to report.


INFO: [Vivado 12-24828] Executing command : report_route_status -file bd_0_wrapper_route_status.rpt -pb bd_0_wrapper_route_status.pb


INFO: [Vivado 12-24828] Executing command : report_power -file bd_0_wrapper_power_routed.rpt -pb bd_0_wrapper_power_summary_routed.pb -rpx bd_0_wrapper_power_routed.rpx


Command: report_power -file bd_0_wrapper_power_routed.rpt -pb bd_0_wrapper_power_summary_routed.pb -rpx bd_0_wrapper_power_routed.rpx


Running Vector-less Activity Propagation...





Finished Running Vector-less Activity Propagation


110 Infos, 111 Warnings, 0 Critical Warnings and 0 Errors encountered.


report_power completed successfully


INFO: [Vivado 12-24828] Executing command : report_clock_utilization -file bd_0_wrapper_clock_utilization_routed.rpt


INFO: [Vivado 12-24828] Executing command : report_bus_skew -warn_on_violation -file bd_0_wrapper_bus_skew_routed.rpt -pb bd_0_wrapper_bus_skew_routed.pb -rpx bd_0_wrapper_bus_skew_routed.rpx


INFO: [Timing 38-91] UpdateTimingParams: Speed grade: -2LV, Temperature grade: C, Delay Type: min_max.


INFO: [Timing 38-191] Multithreading enabled for timing update using a maximum of 2 CPUs


generate_parallel_reports: Time (s): cpu = 00:00:07 ; elapsed = 00:00:08 . Memory (MB): peak = 3540.160 ; gain = 0.000


INFO: [Timing 38-480] Writing timing data to binary archive.


Wrote PlaceDB: Time (s): cpu = 00:00:00 ; elapsed = 00:00:00 . Memory (MB): peak = 3540.160 ; gain = 0.000


Wrote PulsedLatchDB: Time (s): cpu = 00:00:00 ; elapsed = 00:00:00 . Memory (MB): peak = 3540.160 ; gain = 0.000


Writing XDEF routing.


Write ShapeDB Complete: Time (s): cpu = 00:00:00 ; elapsed = 00:00:00.006 . Memory (MB): peak = 3540.160 ; gain = 0.000


Writing XDEF routing logical nets.


Writing XDEF routing special nets.


Wrote RouteStorage: Time (s): cpu = 00:00:00 ; elapsed = 00:00:00.056 . Memory (MB): peak = 3540.160 ; gain = 0.000


Wrote PlaceStorage: Time (s): cpu = 00:00:00 ; elapsed = 00:00:00.068 . Memory (MB): peak = 3540.160 ; gain = 0.000


Wrote Netlist Cache: Time (s): cpu = 00:00:00 ; elapsed = 00:00:00.003 . Memory (MB): peak = 3540.160 ; gain = 0.000


Wrote Device Cache: Time (s): cpu = 00:00:00 ; elapsed = 00:00:00.013 . Memory (MB): peak = 3540.160 ; gain = 0.000


Write Physdb Complete: Time (s): cpu = 00:00:00 ; elapsed = 00:00:00.154 . Memory (MB): peak = 3540.160 ; gain = 0.000


INFO: [Common 17-1381] The checkpoint 'Z:/Code/Dev/Ouroboros/build/pipeline/kv260_som/calibration-rv32i/work/hls/impl/verilog/project.runs/impl_1/bd_0_wrapper_routed.dcp' has been generated.


INFO: [Common 17-206] Exiting Vivado at Thu Oct  1 17:28:11 2026...


[Thu Oct  1 17:28:17 2026] impl_1 finished


wait_on_runs: Time (s): cpu = 00:00:00 ; elapsed = 00:01:56 . Memory (MB): peak = 3433.168 ; gain = 0.000


TIMESTAMP: HLS-REPORT: implementation open_run: 2026-10-01 17:28:17 -0500


INFO: HLS-REPORT: Opening implementation design database: open_run impl_1


Netlist sorting complete. Time (s): cpu = 00:00:00 ; elapsed = 00:00:00.012 . Memory (MB): peak = 3433.168 ; gain = 0.000


INFO: [Netlist 29-17] Analyzing 684 Unisim elements for replacement


INFO: [Netlist 29-28] Unisim Transformation completed in 0 CPU seconds


WARNING: [Netlist 29-43] Netlist 'bd_0_wrapper' is not ideal for floorplanning, since the cellview 'bd_0_hls_inst_0_core_top' defined in file 'bd_0_hls_inst_0.edf' contains large number of primitives.  Please consider enabling hierarchy in synthesis if you want to do floorplanning.


INFO: [Project 1-479] Netlist was created with Vivado 2026.1


INFO: [Project 1-570] Preparing netlist for logic optimization


Read ShapeDB Complete: Time (s): cpu = 00:00:00 ; elapsed = 00:00:00.007 . Memory (MB): peak = 3433.168 ; gain = 0.000


INFO: [Timing 38-478] Restoring timing data from binary archive.


INFO: [Timing 38-479] Binary timing data restore complete.


INFO: [Project 1-856] Restoring constraints from binary archive.


INFO: [Project 1-853] Binary constraint restore complete.


INFO: [Designutils 20-5722] Start Reading Physical Databases.


Reading placement.


Read Netlist Cache: Time (s): cpu = 00:00:00 ; elapsed = 00:00:00.003 . Memory (MB): peak = 3433.168 ; gain = 0.000


Reading placer database...


Read Device Cache: Time (s): cpu = 00:00:00 ; elapsed = 00:00:00.023 . Memory (MB): peak = 3433.168 ; gain = 0.000


Read PlaceDB: Time (s): cpu = 00:00:00 ; elapsed = 00:00:00 . Memory (MB): peak = 3433.168 ; gain = 0.000


Read placeStorage: Time (s): cpu = 00:00:00 ; elapsed = 00:00:00.049 . Memory (MB): peak = 3433.168 ; gain = 0.000


Read PulsedLatchDB: Time (s): cpu = 00:00:00 ; elapsed = 00:00:00 . Memory (MB): peak = 3433.168 ; gain = 0.000


Reading routing.


Read RouteStorage: Time (s): cpu = 00:00:00 ; elapsed = 00:00:00.039 . Memory (MB): peak = 3433.168 ; gain = 0.000


Read Physdb Files: Time (s): cpu = 00:00:00 ; elapsed = 00:00:00.132 . Memory (MB): peak = 3433.168 ; gain = 0.000


Restored from archive | CPU: 0.000000 secs | Memory: 0.000000 MB |


Finished XDEF File Restore: Time (s): cpu = 00:00:00 ; elapsed = 00:00:00.136 . Memory (MB): peak = 3433.168 ; gain = 0.000


Netlist sorting complete. Time (s): cpu = 00:00:00 ; elapsed = 00:00:00 . Memory (MB): peak = 3433.168 ; gain = 0.000


INFO: [Project 1-111] Unisim Transformation Summary:


No Unisim elements were transformed.





TIMESTAMP: HLS-REPORT: implementation generate_reports_vivado: 2026-10-01 17:28:21 -0500


INFO: HLS-REPORT: Running report: report_utilization -file ./report/core_top_utilization_routed.rpt


INFO: HLS-REPORT: Running report: report_utilization -hierarchical -hierarchical_depth 5 -file ./report/core_top_utilization_hierarchical_routed.rpt


INFO: HLS-REPORT: Running report: report_timing_summary -file ./report/core_top_timing_routed.rpt


INFO: [Timing 38-91] UpdateTimingParams: Speed grade: -2LV, Temperature grade: C, Delay Type: min_max.


INFO: [Timing 38-191] Multithreading enabled for timing update using a maximum of 2 CPUs


WARNING: [Timing 38-242] The property HD.CLK_SRC of clock port "ap_clk" is not set. In out-of-context mode, this prevents timing estimation for clock delay/skew


Resolution: Set the HD.CLK_SRC property of the out-of-context port to the location of the clock buffer instance in the top-level design


WARNING: [Timing 38-242] The property HD.CLK_SRC of clock port "ap_ctrl_start" is not set. In out-of-context mode, this prevents timing estimation for clock delay/skew


Resolution: Set the HD.CLK_SRC property of the out-of-context port to the location of the clock buffer instance in the top-level design


INFO: HLS-REPORT: Running report: report_power -file ./report/core_top_power_routed.rpt -xpe ./core_top_power.xpe


Command: report_power -file ./report/core_top_power_routed.rpt -xpe ./core_top_power.xpe


Running Vector-less Activity Propagation...





Finished Running Vector-less Activity Propagation


WARNING: [Power 33-737] Your current license is 'Basic.' This license doesn't cover the 'report_power -xpe' feature you selected. See the Vivado Licensing page for what features are supported in each tier and how to get the right license based on your requirements.


13 Infos, 5 Warnings, 0 Critical Warnings and 0 Errors encountered.


report_power completed successfully


INFO: HLS-REPORT: Running report: report_route_status -file ./report/core_top_status_routed.rpt


INFO: HLS-REPORT: Running report: report_timing -max_paths 10 -file ./report/core_top_timing_paths_routed.rpt


INFO: [Timing 38-91] UpdateTimingParams: Speed grade: -2LV, Temperature grade: C, Delay Type: max.


INFO: [Timing 38-191] Multithreading enabled for timing update using a maximum of 2 CPUs


INFO: [Timing 38-78] ReportTimingParams: -max_paths 10 -nworst 1 -delay_type max -sort_by slack.


INFO: HLS-REPORT: Running report: report_design_analysis -file ./report/core_top_design_analysis_routed.rpt


INFO: HLS-REPORT: Running report: ::tclapp::xilinx::designutils::report_failfast -detailed_report impl -file ./report/core_top_failfast_routed.rpt


 -I- design metrics completed in 0 seconds


 -I- DONT_TOUCH metric completed in 0 seconds


 -I- MARK_DEBUG metric completed in 0 seconds


 -I- utilization metrics completed in 1 seconds


 -I- Generated file Z:/Code/Dev/Ouroboros/build/pipeline/kv260_som/calibration-rv32i/work/hls/impl/verilog/report/impl.BUFG.rpt


 -I- control set metrics completed in 0 seconds


 -I- methodology check metrics completed in 0 seconds


 -I- average fanout metrics completed in 0 seconds (0 modules)


 -I- non-FD high fanout nets completed in 0 seconds


 -I- path budgeting metrics completed in 1 seconds


#  +-----------------------------------------------------------------------------------------+


#  | Design Summary                                                                          |


#  | impl_1                                                                                  |


#  | xck26-sfvc784-2LV-c                                                                     |


#  +-----------------------------------------------------------+-----------+--------+--------+


#  | Criteria                                                  | Guideline | Actual | Status |


#  +-----------------------------------------------------------+-----------+--------+--------+


#  | LUT                                                       | 70%       | 1.97%  | OK     |


#  | FD                                                        | 50%       | 0.67%  | OK     |


#  | LUTRAM+SRL                                                | 25%       | 0.00%  | OK     |


#  | CARRY8                                                    | 25%       | 0.30%  | OK     |


#  | MUXF7                                                     | 15%       | 0.77%  | OK     |


#  | DSP                                                       | 80%       | 0.00%  | OK     |


#  | RAMB/FIFO                                                 | 80%       | 0.00%  | OK     |


#  | URAM                                                      | 80%       | 0.00%  | OK     |


#  | DSP+RAMB+URAM (Avg)                                       | 70%       | 0.00%  | OK     |


#  | BUFGCE* + BUFGCTRL                                        | 24        | 0      | OK     |


#  | DONT_TOUCH (cells/nets)                                   | 0         | 0      | OK     |


#  | MARK_DEBUG (nets)                                         | 0         | 0      | OK     |


#  | Control Sets                                              | 2196      | 51     | OK     |


#  | Average Fanout for modules > 100k cells                   | 4         | 3.68   | OK     |


#  | Max Average Fanout for modules > 100k cells               | 4         | 0      | OK     |


#  | Non-FD high fanout nets > 10k loads                       | 0         | 0      | OK     |


#  +-----------------------------------------------------------+-----------+--------+--------+


#  | TIMING-6 (No common primary clock between related clocks) | 0         | 0      | OK     |


#  | TIMING-7 (No common node between related clocks)          | 0         | 0      | OK     |


#  | TIMING-8 (No common period between related clocks)        | 0         | 0      | OK     |


#  | TIMING-14 (LUT on the clock tree)                         | 0         | 0      | OK     |


#  | TIMING-35 (No common node in paths with the same clock)   | 0         | 0      | OK     |


#  +-----------------------------------------------------------+-----------+--------+--------+


#  | Number of paths above max LUT budgeting (0.391ns)         | 0         | 0      | OK     |


#  | Number of paths above max Net budgeting (0.263ns)         | 0         | 0      | OK     |


#  +-----------------------------------------------------------+-----------+--------+--------+


 -I- Generated file Z:/Code/Dev/Ouroboros/build/pipeline/kv260_som/calibration-rv32i/work/hls/impl/verilog/report/core_top_failfast_routed.rpt


 -I- Number of criteria to review: 0


 -I- This report should be run before placing the design and uses conservative guidelines beyond which runtime and timing closure will likely be more challenging


 -I- report_failfast completed in 2 seconds


TIMESTAMP: HLS-REPORT: implementation gen_data_dict_vivado: 2026-10-01 17:28:28 -0500


TIMESTAMP: HLS-REPORT: impl extract_util_hier: 2026-10-01 17:28:28 -0500


TIMESTAMP: HLS-REPORT: impl get_cell_hier_data: 2026-10-01 17:28:28 -0500


TIMESTAMP: HLS-REPORT: impl get_timing_paths: 2026-10-01 17:28:28 -0500


TIMESTAMP: HLS-REPORT: impl process timing paths: 2026-10-01 17:28:28 -0500


TIMESTAMP: HLS-REPORT: impl get_all_vv_rpt_files: 2026-10-01 17:28:29 -0500


TIMESTAMP: HLS-REPORT: implementation write_reports_vivado: 2026-10-01 17:28:29 -0500


HLS EXTRACTION: impl area_totals:  0 117120 234240 1248 288 14640 64


HLS EXTRACTION: impl area_current: 0 2310 1573 0 0 0 0 552 0 0


HLS EXTRACTION: impl resources_dict: AVAIL_LUT 117120 LUT 2310 AVAIL_FF 234240 FF 1573 AVAIL_DSP 1248 DSP 0 AVAIL_BRAM 288 BRAM 0 AVAIL_URAM 64 URAM 0 LATCH 0 SRL 0 AVAIL_CLB 14640 CLB 552


INFO: HLS-REPORT: generated Z:/Code/Dev/Ouroboros/build/pipeline/kv260_som/calibration-rv32i/work/hls/impl/verilog/report/vivado_impl.xml


INFO: HLS-REPORT: generated Z:/Code/Dev/Ouroboros/build/pipeline/kv260_som/calibration-rv32i/work/hls/impl/report/verilog/core_top_export.rpt








Implementation tool: Xilinx Vivado v.2026.1


Project:             work


Solution:            hls


Device target:       xck26-sfvc784-2LV-c


Report date:         Thu Oct 01 17:28:29 -0500 2026





#=== Post-Implementation Resource usage ===


SLICE:            0


LUT:           2310


FF:            1573


DSP:              0


BRAM:             0


URAM:             0


LATCH:            0


SRL:              0


CLB:            552





#=== Final timing ===


CP required:                     10.000


CP achieved post-synthesis:      4.557


CP achieved post-implementation: 6.511


Timing met





TIMESTAMP: HLS-REPORT: implementation end: 2026-10-01 17:28:29 -0500


INFO: HLS-REPORT: impl run complete: worst setup slack (WNS)=3.489041, worst hold slack (WHS)=0.092000, total pulse width slack(TPWS)=0.000000, number of unrouted nets=0


# hls_vivado_reports_finalize $report_options


TIMESTAMP: HLS-REPORT: all reports complete: 2026-10-01 17:28:29 -0500


INFO: [Common 17-206] Exiting Vivado at Thu Oct  1 17:28:29 2026...


INFO: [HLS 200-802] Generated output file work/core_top.zip

INFO: [HLS 200-112] Total CPU user time: 1 seconds. Total CPU system time: 1 seconds. Total elapsed time: 284.168 seconds; peak allocated memory: 252.797 MB.

INFO: [vitis-run 60-791] Total elapsed time: 0h 4m 47s
